line,station,node_id,node_name,floor,type
"7호선, 5호선",군자,군자_001,7호선 대합실,지하1층,대합실
"7호선, 5호선",군자,군자_002,7호선 대합실,지하2층,대합실
"7호선, 5호선",군자,군자_003,5호선 대합실,지하1층,대합실
"7호선, 5호선",군자,군자_006,1번출구,지상1층,출구
"7호선, 5호선",군자,군자_007,2번출구,지상1층,출구
"7호선, 5호선",군자,군자_008,3번출구,지상1층,출구
"7호선, 5호선",군자,군자_009,4번출구,지상1층,출구
"7호선, 5호선",군자,군자_010,5번출구,지상1층,출구
"7호선, 5호선",군자,군자_011,6번출구,지상1층,출구
"7호선, 5호선",군자,군자_012,7번출구,지상1층,출구
"7호선, 5호선",군자,군자_013,8번출구,지상1층,출구
7호선,어린이대공원,어린이대공원_001,7호선 대합실,지하1층,대합실
7호선,어린이대공원,어린이대공원_002,7호선 대합실,지하2층,대합실
7호선,어린이대공원,어린이대공원_004,1번출구,지상1층,출구
7호선,어린이대공원,어린이대공원_005,2번출구,지상1층,출구
7호선,어린이대공원,어린이대공원_006,3번출구,지상1층,출구
7호선,어린이대공원,어린이대공원_007,4번출구,지상1층,출구
7호선,어린이대공원,어린이대공원_008,5번출구,지상1층,출구
7호선,어린이대공원,어린이대공원_009,6번출구,지상1층,출구
7호선,자양,자양_001,7호선 대합실,지상2층,대합실
7호선,자양,자양_003,1번출구,지상1층,출구
7호선,자양,자양_004,2번출구,지상1층,출구
7호선,자양,자양_005,3번출구,지상1층,출구
7호선,자양,자양_006,4번출구,지상1층,출구
"7호선, 5호선",군자,군자_004,7호선 어린이대공원 방면 승강장,지하3층,승강장
"7호선, 5호선",군자,군자_014,7호선 중곡 방면 승강장,지하3층,승강장
"7호선, 5호선",군자,군자_005,5호선 아차산 방면 승강장,지하2층,승강장
"7호선, 5호선",군자,군자_014,5호선 장한평 방면 승강장,지하2층,승강장
7호선,어린이대공원,어린이대공원_003,7호선 군자 방면 승강장,지하3층,승강장
7호선,어린이대공원,어린이대공원_010,7호선 건대입구 방면 승강장,지하3층,승강장
7호선,자양,자양_002,7호선 건대입구 방면 승강장,지상3층,승강장
7호선,자양,자양_007,7호선 청담 방면 승강장,지상3층,승강장
"7호선, 5호선",군자,군자_015,"5호선 아차산 방면 8-4, 1-1",지하3층,탑승구
"7호선, 5호선",군자,군자_016,"5호선 장한평 방면 1-1, 8-4",지하3층,탑승구
"7호선, 5호선",군자,군자_017,"7호선 어린이대공원 방면 2-3, 7-2",지하3층,탑승구
"7호선, 5호선",군자,군자_018,"7호선 중곡 방면 2-3, 7-2",지하3층,탑승구
7호선,어린이대공원,어린이대공원_011,"7호선 건대입구 방면 4-1, 5-4",지하3층,탑승구
7호선,어린이대공원,어린이대공원_012,"7호선 군자 방면 4-1, 5-4",지하3층,탑승구
7호선,자양,자양_008,"7호선 건대입구 방면 3-2, 7-1",지상3층,탑승구
7호선,자양,자양_009,"7호선 청담 방면 2-4, 6-2",지상3층,탑승구
"2호선, 신분당선",강남,강남_001,2호선 대합실,지하1층,대합실
"2호선, 신분당선",강남,강남_002,신분당선 대합실,지하1층,대합실
"2호선, 신분당선",강남,강남_003,신분당선 대합실,지하3층,대합실
"2호선, 신분당선",강남,강남_004,2호선 역삼 방면 승강장,지하2층,승강장
"2호선, 신분당선",강남,강남_005,2호선 교대 방면 승강장,지하2층,승강장
"2호선, 신분당선",강남,강남_006,신분당선 양재 방면 승강장,지하4층,승강장
"2호선, 신분당선",강남,강남_007,신분당선 신논현 방면 승강장,지하4층,승강장
"2호선, 신분당선",강남,강남_008,1번출구,지상1층,출구
"2호선, 신분당선",강남,강남_009,3번출구,지상1층,출구
"2호선, 신분당선",강남,강남_010,2번출구,지상1층,출구
"2호선, 신분당선",강남,강남_011,7번출구,지상1층,출구
"2호선, 신분당선",강남,강남_012,8번출구,지상1층,출구
"2호선, 신분당선",강남,강남_013,9번출구,지상1층,출구
"2호선, 신분당선",강남,강남_014,10번출구,지상1층,출구
"2호선, 신분당선",강남,강남_015,11번출구,지상1층,출구
"2호선, 신분당선",강남,강남_016,12번출구,지상1층,출구
"2호선, 신분당선",강남,강남_017,4번출구,지상1층,출구
"2호선, 신분당선",강남,강남_018,5번출구,지상1층,출구
"2호선, 신분당선",강남,강남_019,6번출구,지상1층,출구
2호선,강변,강변_001,2호선 대합실,지상1층,대합실
2호선,강변,강변_002,2호선 구의 방면 승강장,지상2층,승강장
2호선,강변,강변_003,2호선 잠실나루 방면 승강장,지상2층,승강장
2호선,강변,강변_004,1번출구,지상1층,출구
2호선,강변,강변_005,2번출구,지상1층,출구
2호선,강변,강변_006,3번출구,지상1층,출구
2호선,강변,강변_007,4번출구,지상1층,출구
"2호선, 7호선",건대입구,건대입_001,2호선 대합실,지상2층,대합실
"2호선, 7호선",건대입구,건대입_002,7호선 대합실,지하3층,대합실
"2호선, 7호선",건대입구,건대입_003,2호선 성수 방면 승강장,지상3층,승강장
"2호선, 7호선",건대입구,건대입_004,2호선 구의 방면 승강장,지상3층,승강장
"2호선, 7호선",건대입구,건대입_005,7호선 어린이대공원 방면 승강장,지하2층,승강장
"2호선, 7호선",건대입구,건대입_006,7호선 뚝섬유원지 방면 승강장,지하2층,승강장
"2호선, 7호선",건대입구,건대입_007,1번출구,지상1층,출구
"2호선, 7호선",건대입구,건대입_008,3번출구,지상1층,출구
"2호선, 7호선",건대입구,건대입_009,2번출구,지상1층,출구
"2호선, 7호선",건대입구,건대입_010,5번출구,지상1층,출구
"2호선, 7호선",건대입구,건대입_011,6번출구,지상1층,출구
"2호선, 7호선",건대입구,건대입_012,4번출구,지상1층,출구
"2호선, 3호선",교대,교대_001,2호선 대합실,지하1층,대합실
"2호선, 3호선",교대,교대_002,3호선 대합실,지하1층,대합실
"2호선, 3호선",교대,교대_003,3호선 대합실,지하2층,대합실
"2호선, 3호선",교대,교대_004,2호선 서초 방면 승강장,지하2층,승강장
"2호선, 3호선",교대,교대_005,2호선 강남 방면 승강장,지하2층,승강장
"2호선, 3호선",교대,교대_006,3호선 남부터미널 방면 승강장,지하3층,승강장
"2호선, 3호선",교대,교대_007,3호선 고속터미널 방면 승강장,지하3층,승강장
"2호선, 3호선",교대,교대_008,1번출구,지상1층,출구
"2호선, 3호선",교대,교대_009,12번출구,지상1층,출구
"2호선, 3호선",교대,교대_010,2번출구,지상1층,출구
"2호선, 3호선",교대,교대_011,3번출구,지상1층,출구
"2호선, 3호선",교대,교대_012,4번출구,지상1층,출구
"2호선, 3호선",교대,교대_013,5번출구,지상1층,출구
"2호선, 3호선",교대,교대_014,6번출구,지상1층,출구
"2호선, 3호선",교대,교대_015,7번출구,지상1층,출구
"2호선, 3호선",교대,교대_016,8번출구,지상1층,출구
"2호선, 3호선",교대,교대_017,9번출구,지상1층,출구
"2호선, 3호선",교대,교대_018,10번출구,지상1층,출구
"2호선, 3호선",교대,교대_019,11번출구,지상1층,출구
"2호선, 3호선",교대,교대_020,13번출구,지상1층,출구
"2호선, 3호선",교대,교대_021,14번출구,지상1층,출구
2호선,구로디지털단지,구로디_001,2호선 대합실,지상2층,대합실
2호선,구로디지털단지,구로디_002,2호선 신대방 방면 승강장,지상3층,승강장
2호선,구로디지털단지,구로디_003,2호선 대림 방면 승강장,지상3층,승강장
2호선,구로디지털단지,구로디_004,1번출구,지상1층,출구
2호선,구로디지털단지,구로디_005,2번출구,지상1층,출구
2호선,구로디지털단지,구로디_006,3번출구,지상1층,출구
2호선,구로디지털단지,구로디_007,4번출구,지상1층,출구
2호선,구로디지털단지,구로디_008,5번출구,지상1층,출구
2호선,구로디지털단지,구로디_009,6번출구,지상1층,출구
2호선,구의,구의_001,2호선 대합실,지상2층,대합실
2호선,구의,구의_002,2호선 건대입구 방면 승강장,지상3층,승강장
2호선,구의,구의_003,2호선 강변 방면 승강장,지상3층,승강장
2호선,구의,구의_004,1번출구,지상1층,출구
2호선,구의,구의_005,2번출구,지상1층,출구
2호선,구의,구의_006,3번출구,지상1층,출구
2호선,구의,구의_007,4번출구,지상1층,출구
"2호선(신정지선), 5호선",까치산,까치산_001,5호선 대합실,지하1층,대합실
"2호선(신정지선), 5호선",까치산,까치산_002,5호선 대합실,지하2층,대합실
"2호선(신정지선), 5호선",까치산,까치산_003,5호선 대합실,지하3층,대합실
"2호선(신정지선), 5호선",까치산,까치산_004,5호선 대합실,지하4층,대합실
"2호선(신정지선), 5호선",까치산,까치산_005,5호선 신정 방면 승강장,지하5층,승강장
"2호선(신정지선), 5호선",까치산,까치산_006,5호선 화곡 방면 승강장,지하5층,승강장
"2호선(신정지선), 5호선",까치산,까치산_007,2호선 신정네거리 방면 승강장,지하5층,승강장
"2호선(신정지선), 5호선",까치산,까치산_008,1번출구,지상1층,출구
"2호선(신정지선), 5호선",까치산,까치산_009,2번출구,지상1층,출구
"2호선(신정지선), 5호선",까치산,까치산_010,3번출구,지상1층,출구
"2호선(신정지선), 5호선",까치산,까치산_011,4번출구,지상1층,출구
2호선,낙성대,낙성대_001,2호선 대합실,지하1층,대합실
2호선,낙성대,낙성대_002,2호선 사당 방면 승강장,지하2층,승강장
2호선,낙성대,낙성대_003,2호선 서울대입구 방면 승강장,지하2층,승강장
2호선,낙성대,낙성대_004,1번출구,지상1층,출구
2호선,낙성대,낙성대_005,2번출구,지상1층,출구
2호선,낙성대,낙성대_006,3번출구,지상1층,출구
2호선,낙성대,낙성대_007,4번출구,지상1층,출구
2호선,낙성대,낙성대_008,5번출구,지상1층,출구
2호선,낙성대,낙성대_009,6번출구,지상1층,출구
2호선,낙성대,낙성대_010,7번출구,지상1층,출구
2호선,낙성대,낙성대_011,8번출구,지상1층,출구
"2호선, 9호선",당산,당산_001,2호선 대합실,지상2층,대합실
"2호선, 9호선",당산,당산_002,9호선 대합실,지하1층,대합실
"2호선, 9호선",당산,당산_003,9호선 대합실,지하2층,대합실
"2호선, 9호선",당산,당산_004,2호선 영등포구청 방면 승강장,지상3층,승강장
"2호선, 9호선",당산,당산_005,2호선 합정 방면 승강장,지상3층,승강장
"2호선, 9호선",당산,당산_006,9호선 국회의사당 방면 승강장,지하3층,승강장
"2호선, 9호선",당산,당산_007,9호선 선유도 방면 승강장,지하3층,승강장
"2호선, 9호선",당산,당산_008,1번출구,지상1층,출구
"2호선, 9호선",당산,당산_009,7번출구,지상1층,출구
"2호선, 9호선",당산,당산_010,8번출구,지하1층,출구
"2호선, 9호선",당산,당산_011,2번출구,지상1층,출구
"2호선, 9호선",당산,당산_012,3번출구,지상1층,출구
"2호선, 9호선",당산,당산_013,4번출구,지상1층,출구
"2호선, 9호선",당산,당산_014,5번출구,지상1층,출구
"2호선, 9호선",당산,당산_015,6번출구,지상1층,출구
"2호선, 9호선",당산,당산_016,10번출구,지상1층,출구
"2호선, 9호선",당산,당산_017,11번출구,지상1층,출구
"2호선, 9호선",당산,당산_018,12번출구,지상1층,출구
"2호선, 9호선",당산,당산_019,13번출구,지상1층,출구
"2호선, 9호선",당산,당산_020,9번출구,지하1층,출구
"2호선, 7호선",대림,대림_001,2호선 대합실,지상2층,대합실
"2호선, 7호선",대림,대림_002,7호선 대합실,지하1층,대합실
"2호선, 7호선",대림,대림_003,2호선 구로디지털단지 방면 승강장,지상3층,승강장
"2호선, 7호선",대림,대림_004,2호선 신도림 방면 승강장,지상3층,승강장
"2호선, 7호선",대림,대림_005,7호선 남구로 방면 승강장,지하2층,승강장
"2호선, 7호선",대림,대림_006,7호선 신풍 방면 승강장,지하2층,승강장
"2호선, 7호선",대림,대림_007,1번출구,지상1층,출구
"2호선, 7호선",대림,대림_008,9번출구,지상1층,출구
"2호선, 7호선",대림,대림_009,2번출구,지상1층,출구
"2호선, 7호선",대림,대림_010,3번출구,지상1층,출구
"2호선, 7호선",대림,대림_011,4번출구,지상1층,출구
"2호선, 7호선",대림,대림_012,5번출구,지상1층,출구
"2호선, 7호선",대림,대림_013,6번출구,지상1층,출구
"2호선, 7호선",대림,대림_014,7번출구,지상1층,출구
"2호선, 7호선",대림,대림_015,8번출구,지상1층,출구
"2호선, 7호선",대림,대림_016,10번출구,지상1층,출구
"2호선, 7호선",대림,대림_017,11번출구,지상1층,출구
"2호선, 7호선",대림,대림_018,12번출구,지상1층,출구
2호선(신정지선),도림천,도림천_001,2호선 대합실(지상2층),지상2층,대합실
2호선(신정지선),도림천,도림천_002,2호선 대합실(지상1층),지상1층,대합실
2호선(신정지선),도림천,도림천_003,2호선 대합실,지하1층,대합실
2호선(신정지선),도림천,도림천_004,2호선 대합실,지하2층,대합실
2호선(신정지선),도림천,도림천_005,2호선 신도림 방면 승강장,지하3층,승강장
2호선(신정지선),도림천,도림천_006,2호선 양천구청 방면 승강장,지하3층,승강장
2호선(신정지선),도림천,도림천_007,2번출구,지상2층,출구
2호선(신정지선),도림천,도림천_008,1번출구,지상1층,출구
"2호선, 4호선, 5호선",동대문역사문화공원,동대문_001,2호선 대합실,지하1층,대합실
"2호선, 4호선, 5호선",동대문역사문화공원,동대문_002,4호선 대합실,지하1층,대합실
"2호선, 4호선, 5호선",동대문역사문화공원,동대문_003,4호선 대합실,지하2층,대합실
"2호선, 4호선, 5호선",동대문역사문화공원,동대문_004,5호선 대합실,지하1층,대합실
"2호선, 4호선, 5호선",동대문역사문화공원,동대문_005,5호선 대합실,지하2층,대합실
"2호선, 4호선, 5호선",동대문역사문화공원,동대문_006,5호선 대합실,지하4층,대합실
"2호선, 4호선, 5호선",동대문역사문화공원,동대문_007,2호선 을지로4가 방면 승강장,지하2층,승강장
"2호선, 4호선, 5호선",동대문역사문화공원,동대문_008,2호선 신당 방면 승강장,지하2층,승강장
"2호선, 4호선, 5호선",동대문역사문화공원,동대문_009,4호선 충무로 방면 승강장,지하3층,승강장
"2호선, 4호선, 5호선",동대문역사문화공원,동대문_010,4호선 동대문 방면 승강장,지하3층,승강장
"2호선, 4호선, 5호선",동대문역사문화공원,동대문_011,5호선 을지로4가 방면 승강장,지하5층,승강장
"2호선, 4호선, 5호선",동대문역사문화공원,동대문_012,5호선 청구 방면 승강장,지하5층,승강장
"2호선, 4호선, 5호선",동대문역사문화공원,동대문_013,1번출구,지상1층,출구
"2호선, 4호선, 5호선",동대문역사문화공원,동대문_014,4번출구,지상1층,출구
"2호선, 4호선, 5호선",동대문역사문화공원,동대문_015,6번출구,지상1층,출구
"2호선, 4호선, 5호선",동대문역사문화공원,동대문_016,2번출구,지상1층,출구
"2호선, 4호선, 5호선",동대문역사문화공원,동대문_017,3번출구,지상1층,출구
"2호선, 4호선, 5호선",동대문역사문화공원,동대문_018,11번출구,지상1층,출구
"2호선, 4호선, 5호선",동대문역사문화공원,동대문_019,12번출구,지상1층,출구
"2호선, 4호선, 5호선",동대문역사문화공원,동대문_020,13번출구,지상1층,출구
"2호선, 4호선, 5호선",동대문역사문화공원,동대문_021,14번출구,지상1층,출구
"2호선, 4호선, 5호선",동대문역사문화공원,동대문_022,5번출구,지상1층,출구
"2호선, 4호선, 5호선",동대문역사문화공원,동대문_023,8번출구,지상1층,출구
"2호선, 4호선, 5호선",동대문역사문화공원,동대문_024,9번출구,지상1층,출구
"2호선, 4호선, 5호선",동대문역사문화공원,동대문_025,10번출구,지상1층,출구
"2호선, 4호선, 5호선",동대문역사문화공원,동대문_026,7번출구,지상1층,출구
2호선,뚝섬,뚝섬_001,2호선 대합실,지상2층,대합실
2호선,뚝섬,뚝섬_002,2호선 한양대 방면 승강장,지상3층,승강장
2호선,뚝섬,뚝섬_003,2호선 성수 방면 승강장,지상3층,승강장
2호선,뚝섬,뚝섬_004,1번출구,지상1층,출구
2호선,뚝섬,뚝섬_005,2번출구,지상1층,출구
2호선,뚝섬,뚝섬_006,3번출구,지상1층,출구
2호선,뚝섬,뚝섬_007,4번출구,지상1층,출구
2호선,뚝섬,뚝섬_008,5번출구,지상1층,출구
2호선,뚝섬,뚝섬_009,6번출구,지상1층,출구
2호선,뚝섬,뚝섬_010,7번출구,지상1층,출구
2호선,뚝섬,뚝섬_011,8번출구,지상1층,출구
2호선,문래,문래_001,2호선 대합실,지하1층,대합실
2호선,문래,문래_002,2호선 신도림 방면 승강장,지하2층,승강장
2호선,문래,문래_003,2호선 영등포구청 방면 승강장,지하2층,승강장
2호선,문래,문래_004,1번출구,지상1층,출구
2호선,문래,문래_005,2번출구,지상1층,출구
2호선,문래,문래_006,3번출구,지상1층,출구
2호선,문래,문래_007,4번출구,지상1층,출구
2호선,문래,문래_008,5번출구,지상1층,출구
2호선,문래,문래_009,6번출구,지상1층,출구
2호선,문래,문래_010,7번출구,지상1층,출구
2호선,방배,방배_001,2호선 대합실,지하1층,대합실
2호선,방배,방배_002,2호선 서초 방면 승강장,지하2층,승강장
2호선,방배,방배_003,2호선 사당 방면 승강장,지하2층,승강장
2호선,방배,방배_004,1번출구,지상1층,출구
2호선,방배,방배_005,2번출구,지상1층,출구
2호선,방배,방배_006,3번출구,지상1층,출구
2호선,방배,방배_007,4번출구,지상1층,출구
2호선,봉천,봉천_001,2호선 대합실,지하1층,대합실
2호선,봉천,봉천_002,2호선 서울대입구 방면 승강장,지하2층,승강장
2호선,봉천,봉천_003,2호선 신림 방면 승강장,지하2층,승강장
2호선,봉천,봉천_004,1번출구,지상1층,출구
2호선,봉천,봉천_005,2번출구,지상1층,출구
2호선,봉천,봉천_006,3번출구,지상1층,출구
2호선,봉천,봉천_007,4번출구,지상1층,출구
2호선,봉천,봉천_008,5번출구,지상1층,출구
2호선,봉천,봉천_009,6번출구,지상1층,출구
"2호선, 4호선",사당,사당_001,2호선 대합실,지하1층,대합실
"2호선, 4호선",사당,사당_002,4호선 대합실,지하1층,대합실
"2호선, 4호선",사당,사당_003,4호선 대합실,지하2층,대합실
"2호선, 4호선",사당,사당_004,2호선 방배 방면 승강장,지하2층,승강장
"2호선, 4호선",사당,사당_005,2호선 낙성대 방면 승강장,지하2층,승강장
"2호선, 4호선",사당,사당_006,4호선 남태령 방면 승강장,지하3층,승강장
"2호선, 4호선",사당,사당_007,4호선 총신대입구 방면 승강장,지하3층,승강장
"2호선, 4호선",사당,사당_008,1번출구,지상1층,출구
"2호선, 4호선",사당,사당_009,3번출구,지상1층,출구
"2호선, 4호선",사당,사당_010,2번출구,지상1층,출구
"2호선, 4호선",사당,사당_011,5번출구,지상1층,출구
"2호선, 4호선",사당,사당_012,6번출구,지상1층,출구
"2호선, 4호선",사당,사당_013,7번출구,지상1층,출구
"2호선, 4호선",사당,사당_014,8번출구,지상1층,출구
"2호선, 4호선",사당,사당_015,13번출구,지상1층,출구
"2호선, 4호선",사당,사당_016,14번출구,지상1층,출구
"2호선, 4호선",사당,사당_017,4번출구,지상1층,출구
"2호선, 4호선",사당,사당_018,9번출구,지상1층,출구
"2호선, 4호선",사당,사당_019,10번출구,지상1층,출구
"2호선, 4호선",사당,사당_020,11번출구,지상1층,출구
"2호선, 4호선",사당,사당_021,12번출구,지상1층,출구
2호선,삼성,삼성_001,2호선 대합실,지하1층,대합실
2호선,삼성,삼성_002,2호선 종합운동장 방면 승강장,지하2층,승강장
2호선,삼성,삼성_003,2호선 선릉 방면 승강장,지하2층,승강장
2호선,삼성,삼성_004,1번출구,지상1층,출구
2호선,삼성,삼성_005,2번출구,지상1층,출구
2호선,삼성,삼성_006,3번출구,지상1층,출구
2호선,삼성,삼성_007,4번출구,지상1층,출구
2호선,삼성,삼성_008,5번출구,지상1층,출구
2호선,삼성,삼성_009,6번출구,지상1층,출구
2호선,상왕십리,상왕십_001,2호선 대합실,지하1층,대합실
2호선,상왕십리,상왕십_002,2호선 왕십리 방면 승강장,지하2층,승강장
2호선,상왕십리,상왕십_003,2호선 신당 방면 승강장,지하2층,승강장
2호선,상왕십리,상왕십_004,1번출구,지상1층,출구
2호선,상왕십리,상왕십_005,2번출구,지상1층,출구
2호선,상왕십리,상왕십_006,3번출구,지상1층,출구
2호선,상왕십리,상왕십_007,4번출구,지상1층,출구
2호선,상왕십리,상왕십_008,5번출구,지상1층,출구
2호선,상왕십리,상왕십_009,6번출구,지상1층,출구
2호선,서울대입구,서울대_001,2호선 대합실,지하1층,대합실
2호선,서울대입구,서울대_002,2호선 낙성대 방면 승강장,지하2층,승강장
2호선,서울대입구,서울대_003,2호선 봉천 방면 승강장,지하2층,승강장
2호선,서울대입구,서울대_004,1번출구,지상1층,출구
2호선,서울대입구,서울대_005,2번출구,지상1층,출구
2호선,서울대입구,서울대_006,3번출구,지상1층,출구
2호선,서울대입구,서울대_007,4번출구,지상1층,출구
2호선,서울대입구,서울대_008,5번출구,지상1층,출구
2호선,서울대입구,서울대_009,6번출구,지상1층,출구
2호선,서울대입구,서울대_010,7번출구,지상1층,출구
2호선,서울대입구,서울대_011,8번출구,지상1층,출구
2호선,서초,서초_001,2호선 대합실,지하1층,대합실
2호선,서초,서초_002,2호선 교대 방면 승강장,지하2층,승강장
2호선,서초,서초_003,2호선 방배 방면 승강장,지하2층,승강장
2호선,서초,서초_004,1번출구,지상1층,출구
2호선,서초,서초_005,2번출구,지상1층,출구
2호선,서초,서초_006,3번출구,지상1층,출구
2호선,서초,서초_007,4번출구,지상1층,출구
2호선,서초,서초_008,5번출구,지상1층,출구
2호선,서초,서초_009,6번출구,지상1층,출구
2호선,서초,서초_010,7번출구,지상1층,출구
2호선,서초,서초_011,8번출구,지상1층,출구
"2호선, 분당선",선릉,선릉_001,2호선 대합실,지하1층,대합실
"2호선, 분당선",선릉,선릉_002,분당선 대합실,지하1층,대합실
"2호선, 분당선",선릉,선릉_003,분당선 대합실,지하2층,대합실
"2호선, 분당선",선릉,선릉_004,2호선 삼성 방면 승강장,지하2층,승강장
"2호선, 분당선",선릉,선릉_005,2호선 역삼 방면 승강장,지하2층,승강장
"2호선, 분당선",선릉,선릉_006,분당선 한티 방면 승강장,지하3층,승강장
"2호선, 분당선",선릉,선릉_007,분당선 선정릉 방면 승강장,지하3층,승강장
"2호선, 분당선",선릉,선릉_008,1번출구,지상1층,출구
"2호선, 분당선",선릉,선릉_010,2번출구,지상1층,출구
"2호선, 분당선",선릉,선릉_011,3번출구,지상1층,출구
"2호선, 분당선",선릉,선릉_012,4번출구,지상1층,출구
"2호선, 분당선",선릉,선릉_013,5번출구,지상1층,출구
"2호선, 분당선",선릉,선릉_014,6번출구,지상1층,출구
"2호선, 분당선",선릉,선릉_015,7번출구,지상1층,출구
"2호선, 분당선",선릉,선릉_016,8번출구,지상1층,출구
"2호선, 분당선",선릉,선릉_017,9번출구,지상1층,출구
"2호선, 분당선",선릉,선릉_018,10번출구,지상1층,출구
"2호선, 2호선(성수지선)",성수,성수_001,2호선 대합실,지상2층,대합실
"2호선, 2호선(성수지선)",성수,성수_002,2호선 뚝섬 방면 승강장,지상3층,승강장
"2호선, 2호선(성수지선)",성수,성수_003,2호선 건대입구 방면 승강장,지상3층,승강장
"2호선, 2호선(성수지선)",성수,성수_004,2호선(성수지선) 용답 방면 승강장,지상3층,승강장
"2호선, 2호선(성수지선)",성수,성수_005,1번출구,지상1층,출구
"2호선, 2호선(성수지선)",성수,성수_006,2번출구,지상1층,출구
"2호선, 2호선(성수지선)",성수,성수_007,3번출구,지상1층,출구
"2호선, 2호선(성수지선)",성수,성수_008,4번출구,지상1층,출구
"2호선, 1호선",시청,시청_001,1호선 대합실,지하1층,대합실
"2호선, 1호선",시청,시청_002,2호선 대합실,지하1층,대합실
"2호선, 1호선",시청,시청_003,2호선 대합실,지하2층,대합실
"2호선, 1호선",시청,시청_004,1호선 서울역 방면 승강장,지하2층,승강장
"2호선, 1호선",시청,시청_005,1호선 종각 방면 승강장,지하2층,승강장
"2호선, 1호선",시청,시청_006,2호선 충정로 방면 승강장,지하3층,승강장
"2호선, 1호선",시청,시청_007,2호선 을지로입구 방면 승강장,지하3층,승강장
"2호선, 1호선",시청,시청_008,1번출구,지상1층,출구
"2호선, 1호선",시청,시청_009,8번출구,지상1층,출구
"2호선, 1호선",시청,시청_010,2번출구,지상1층,출구
"2호선, 1호선",시청,시청_011,3번출구,지상1층,출구
"2호선, 1호선",시청,시청_012,4번출구,지상1층,출구
"2호선, 1호선",시청,시청_013,5번출구,지상1층,출구
"2호선, 1호선",시청,시청_014,6번출구,지상1층,출구
"2호선, 1호선",시청,시청_015,7번출구,지상1층,출구
"2호선, 1호선",시청,시청_016,9번출구,지상1층,출구
"2호선, 1호선",시청,시청_017,10번출구,지상1층,출구
"2호선, 1호선",시청,시청_018,11번출구,지상1층,출구
"2호선, 1호선",시청,시청_019,12번출구,지상1층,출구
2호선(성수지선),신답,신답_001,2호선 대합실,지상1층,대합실
2호선(성수지선),신답,신답_002,2호선 용두 방면 승강장,지상1층,승강장
2호선(성수지선),신답,신답_003,2호선 용답 방면 승강장(육교 필요),지상1층,승강장
2호선(성수지선),신답,신답_004,1번출구,지상1층,출구
"2호선, 6호선",신당,신당_001,2호선 대합실,지하1층,대합실
"2호선, 6호선",신당,신당_002,6호선 대합실,지하1층,대합실
"2호선, 6호선",신당,신당_003,6호선 대합실,지하2층,대합실
"2호선, 6호선",신당,신당_004,2호선 동대문역사문화공원 방면 승강장,지하2층,승강장
"2호선, 6호선",신당,신당_005,2호선 상왕십리 방면 승강장,지하2층,승강장
"2호선, 6호선",신당,신당_006,6호선 동묘앞 방면 승강장,지하3층,승강장
"2호선, 6호선",신당,신당_007,6호선 청구 방면 승강장,지하3층,승강장
"2호선, 6호선",신당,신당_008,1번출구,지상1층,출구
"2호선, 6호선",신당,신당_009,5번출구,지상1층,출구
"2호선, 6호선",신당,신당_010,2번출구,지상1층,출구
"2호선, 6호선",신당,신당_011,3번출구,지상1층,출구
"2호선, 6호선",신당,신당_012,4번출구,지상1층,출구
"2호선, 6호선",신당,신당_013,6번출구,지상1층,출구
"2호선, 6호선",신당,신당_014,7번출구,지상1층,출구
"2호선, 6호선",신당,신당_015,8번출구,지상1층,출구
"2호선, 6호선",신당,신당_016,9번출구,지상1층,출구
"2호선, 6호선",신당,신당_017,10번출구,지상1층,출구
"2호선, 6호선",신당,신당_018,11번출구,지상1층,출구
"2호선, 6호선",신당,신당_019,12번출구,지상1층,출구
2호선,신대방,신대방_001,2호선 대합실,지상2층,대합실
2호선,신대방,신대방_002,2호선 신림 방면 승강장,지상3층,승강장
2호선,신대방,신대방_003,2호선 구로디지털단지 방면 승강장,지상3층,승강장
2호선,신대방,신대방_004,1번출구,지상1층,출구
2호선,신대방,신대방_005,2번출구,지상1층,출구
2호선,신대방,신대방_006,3번출구,지상1층,출구
2호선,신대방,신대방_007,4번출구,지상1층,출구
"2호선, 2호선(신정지선), 1호선",신도림,신도림_001,2호선 대합실,지하1층,대합실
"2호선, 2호선(신정지선), 1호선",신도림,신도림_002,1호선 대합실(지상2층),지상2층,대합실
"2호선, 2호선(신정지선), 1호선",신도림,신도림_003,1호선 대합실(지상3층),지상3층,대합실
"2호선, 2호선(신정지선), 1호선",신도림,신도림_004,2호선 문래 방면 승강장,지하2층,승강장
"2호선, 2호선(신정지선), 1호선",신도림,신도림_005,2호선 대림 방면 승강장,지하2층,승강장
"2호선, 2호선(신정지선), 1호선",신도림,신도림_006,2호선(신정지선) 대림 방면 승강장,지하2층,승강장
"2호선, 2호선(신정지선), 1호선",신도림,신도림_007,2호선(신정지선) 도림천 방면 승강장,지하2층,승강장
"2호선, 2호선(신정지선), 1호선",신도림,신도림_009,1번출구,지상1층,출구
"2호선, 2호선(신정지선), 1호선",신도림,신도림_010,4번출구,지상1층,출구
"2호선, 2호선(신정지선), 1호선",신도림,신도림_011,1호선 용산 방면 승강장,지상1층,승강장
"2호선, 2호선(신정지선), 1호선",신도림,신도림_012,1호선 서울역·소요산 방면 승강장,지상1층,승강장
"2호선, 2호선(신정지선), 1호선",신도림,신도림_013,1호선 동인천(급행)·광명 방면 승강장,지상1층,승강장
"2호선, 2호선(신정지선), 1호선",신도림,신도림_014,1호선 인천·신창(급행) 방면 승강장,지상1층,승강장
"2호선, 2호선(신정지선), 1호선",신도림,신도림_015,2번출구,지상1층,출구
"2호선, 2호선(신정지선), 1호선",신도림,신도림_016,3번출구,지상1층,출구
"2호선, 2호선(신정지선), 1호선",신도림,신도림_017,5번출구,지상1층,출구
"2호선, 2호선(신정지선), 1호선",신도림,신도림_018,6번출구,지상1층,출구
"2호선, 신림선",신림,신림_001,2호선 대합실,지하1층,대합실
"2호선, 신림선",신림,신림_002,신림선 대합실,지하1층,대합실
"2호선, 신림선",신림,신림_003,2호선 봉천 방면 승강장,지하2층,승강장
"2호선, 신림선",신림,신림_004,2호선 신대방 방면 승강장,지하2층,승강장
"2호선, 신림선",신림,신림_005,신림선 당곡 방면 승강장,지하3층,승강장
"2호선, 신림선",신림,신림_006,신림선 서원 방면 승강장,지하3층,승강장
"2호선, 신림선",신림,신림_007,1번출구,지상1층,출구
"2호선, 신림선",신림,신림_008,2번출구,지상1층,출구
"2호선, 신림선",신림,신림_009,3번출구,지상1층,출구
"2호선, 신림선",신림,신림_010,4번출구,지상1층,출구
"2호선, 신림선",신림,신림_011,5번출구,지상1층,출구
"2호선, 신림선",신림,신림_012,6번출구,지상1층,출구
"2호선, 신림선",신림,신림_013,7번출구,지상1층,출구
"2호선, 신림선",신림,신림_014,8번출구,지상1층,출구
"2호선(성수지선), 1호선, 우이신설선",신설동,신설동_001,2호선 대합실 A,지하1층,대합실
"2호선(성수지선), 1호선, 우이신설선",신설동,신설동_002,2호선 대합실 B,지하1층,대합실
"2호선(성수지선), 1호선, 우이신설선",신설동,신설동_003,1호선 대합실,지하1층,대합실
"2호선(성수지선), 1호선, 우이신설선",신설동,신설동_004,2호선 용두 방면 승강장,지하2층,승강장
"2호선(성수지선), 1호선, 우이신설선",신설동,신설동_005,1호선 제기동 방면 승강장,지하2층,승강장
"2호선(성수지선), 1호선, 우이신설선",신설동,신설동_006,1호선 동묘앞 방면 승강장,지하2층,승강장
"2호선(성수지선), 1호선, 우이신설선",신설동,신설동_007,1번출구,지상1층,출구
"2호선(성수지선), 1호선, 우이신설선",신설동,신설동_008,2번출구,지상1층,출구
"2호선(성수지선), 1호선, 우이신설선",신설동,신설동_009,7번출구,지상1층,출구
"2호선(성수지선), 1호선, 우이신설선",신설동,신설동_010,6번출구,지상1층,출구
"2호선(성수지선), 1호선, 우이신설선",신설동,신설동_011,11번출구,지상1층,출구
"2호선(성수지선), 1호선, 우이신설선",신설동,신설동_012,12번출구,지상1층,출구
"2호선(성수지선), 1호선, 우이신설선",신설동,신설동_013,3번출구,지상1층,출구
"2호선(성수지선), 1호선, 우이신설선",신설동,신설동_014,4번출구,지상1층,출구
"2호선(성수지선), 1호선, 우이신설선",신설동,신설동_015,5번출구,지상1층,출구
"2호선(성수지선), 1호선, 우이신설선",신설동,신설동_016,8번출구,지상1층,출구
"2호선(성수지선), 1호선, 우이신설선",신설동,신설동_017,9번출구,지상1층,출구
"2호선(성수지선), 1호선, 우이신설선",신설동,신설동_018,10번출구,지상1층,출구
2호선(신정지선),신정네거리,신정네_001,2호선 대합실,지하1층,대합실
2호선(신정지선),신정네거리,신정네_002,2호선 대합실,지하2층,대합실
2호선(신정지선),신정네거리,신정네_003,2호선 양천구청 방면 승강장,지하3층,승강장
2호선(신정지선),신정네거리,신정네_004,2호선 까치산 방면 승강장,지하3층,승강장
2호선(신정지선),신정네거리,신정네_005,1번출구,지상1층,출구
2호선(신정지선),신정네거리,신정네_006,2번출구,지상1층,출구
2호선(신정지선),신정네거리,신정네_007,3번출구,지상1층,출구
2호선(신정지선),신정네거리,신정네_008,4번출구,지상1층,출구
2호선,신촌,신촌_001,2호선 대합실,지하1층,대합실
2호선,신촌,신촌_002,2호선 홍대입구 방면 승강장,지하2층,승강장
2호선,신촌,신촌_003,2호선 이대 방면 승강장,지하2층,승강장
2호선,신촌,신촌_004,1번출구,지상1층,출구
2호선,신촌,신촌_005,2번출구,지상1층,출구
2호선,신촌,신촌_006,3번출구,지상1층,출구
2호선,신촌,신촌_007,4번출구,지상1층,출구
2호선,신촌,신촌_008,5번출구,지상1층,출구
2호선,신촌,신촌_009,6번출구,지상1층,출구
2호선,신촌,신촌_010,7번출구,지상1층,출구
2호선,신촌,신촌_011,8번출구,지상1층,출구
2호선,아현,아현_001,2호선 대합실,지하1층,대합실
2호선,아현,아현_002,2호선 이대 방면 승강장,지하2층,승강장
2호선,아현,아현_003,2호선 충정로 방면 승강장,지하2층,승강장
2호선,아현,아현_004,1번출구,지상1층,출구
2호선,아현,아현_005,2번출구,지상1층,출구
2호선,아현,아현_006,3번출구,지상1층,출구
2호선,아현,아현_007,4번출구,지상1층,출구
2호선(신정지선),양천구청,양천구_001,2호선 대합실,지하1층,대합실
2호선(신정지선),양천구청,양천구_002,2호선 도림천 방면 승강장,지하2층,승강장
2호선(신정지선),양천구청,양천구_003,2호선 신정네거리 방면 승강장,지하2층,승강장
2호선(신정지선),양천구청,양천구_004,1번출구,지상1층,출구
2호선(신정지선),양천구청,양천구_005,2번출구,지상1층,출구
2호선,역삼,역삼_001,2호선 대합실,지하1층,대합실
2호선,역삼,역삼_002,2호선 대합실,지하2층,대합실
2호선,역삼,역삼_003,2호선 선릉 방면 승강장,지하3층,승강장
2호선,역삼,역삼_004,2호선 강남 방면 승강장,지하3층,승강장
2호선,역삼,역삼_005,1번출구,지상1층,출구
2호선,역삼,역삼_006,3번출구,지하1층,출구
2호선,역삼,역삼_007,2번출구,지상1층,출구
2호선,역삼,역삼_008,5번출구,지상1층,출구
2호선,역삼,역삼_009,6번출구,지상1층,출구
2호선,역삼,역삼_010,7번출구,지상1층,출구
2호선,역삼,역삼_011,8번출구,지상1층,출구
2호선,역삼,역삼_012,4번출구,지하1층,출구
"2호선, 5호선",영등포구청,영등포_001,2호선 대합실,지하1층,대합실
"2호선, 5호선",영등포구청,영등포_002,5호선 대합실,지하1층,대합실
"2호선, 5호선",영등포구청,영등포_003,5호선 대합실,지하2층,대합실
"2호선, 5호선",영등포구청,영등포_004,5호선 대합실,지하3층,대합실
"2호선, 5호선",영등포구청,영등포_005,5호선 대합실,지하4층,대합실
"2호선, 5호선",영등포구청,영등포_006,2호선 문래 방면 승강장,지하2층,승강장
"2호선, 5호선",영등포구청,영등포_007,2호선 당산 방면 승강장,지하2층,승강장
"2호선, 5호선",영등포구청,영등포_008,5호선 양평 방면 승강장,지하5층,승강장
"2호선, 5호선",영등포구청,영등포_009,5호선 영등포시장 방면 승강장,지하5층,승강장
"2호선, 5호선",영등포구청,영등포_010,1번출구,지상1층,출구
"2호선, 5호선",영등포구청,영등포_011,6번출구,지상1층,출구
"2호선, 5호선",영등포구청,영등포_012,2번출구,지상1층,출구
"2호선, 5호선",영등포구청,영등포_013,3번출구,지상1층,출구
"2호선, 5호선",영등포구청,영등포_014,4번출구,지상1층,출구
"2호선, 5호선",영등포구청,영등포_015,5번출구,지상1층,출구
"2호선, 5호선",영등포구청,영등포_016,7번출구,지상1층,출구
"2호선, 5호선, 경의중앙선, 수인분당선",왕십리,왕십리_001,2호선 대합실,지하1층,대합실
"2호선, 5호선, 경의중앙선, 수인분당선",왕십리,왕십리_002,5호선 대합실,지하1층,대합실
"2호선, 5호선, 경의중앙선, 수인분당선",왕십리,왕십리_003,5호선 대합실,지하4층,대합실
"2호선, 5호선, 경의중앙선, 수인분당선",왕십리,왕십리_004,경의중앙선 대합실(지상2층),지상2층,대합실
"2호선, 5호선, 경의중앙선, 수인분당선",왕십리,왕십리_005,경의중앙선 대합실,지하1층,대합실
"2호선, 5호선, 경의중앙선, 수인분당선",왕십리,왕십리_006,수인분당선 대합실(지상2층),지상2층,대합실
"2호선, 5호선, 경의중앙선, 수인분당선",왕십리,왕십리_007,수인분당선 대합실,지하1층,대합실
"2호선, 5호선, 경의중앙선, 수인분당선",왕십리,왕십리_008,2호선 상왕십리 방면 승강장,지하2층,승강장
"2호선, 5호선, 경의중앙선, 수인분당선",왕십리,왕십리_009,2호선 한양대 방면 승강장,지하2층,승강장
"2호선, 5호선, 경의중앙선, 수인분당선",왕십리,왕십리_010,5호선 행당 방면 승강장,지하5층,승강장
"2호선, 5호선, 경의중앙선, 수인분당선",왕십리,왕십리_011,5호선 마장 방면 승강장,지하5층,승강장
"2호선, 5호선, 경의중앙선, 수인분당선",왕십리,왕십리_012,경의중앙선 청량리 방면 승강장,지상1층,승강장
"2호선, 5호선, 경의중앙선, 수인분당선",왕십리,왕십리_013,경의중앙선 응봉 방면 승강장,지상1층,승강장
"2호선, 5호선, 경의중앙선, 수인분당선",왕십리,왕십리_014,수인분당선 청량리 방면 승강장,지상1층,승강장
"2호선, 5호선, 경의중앙선, 수인분당선",왕십리,왕십리_015,수인분당선 서울숲 방면 승강장,지상1층,승강장
"2호선, 5호선, 경의중앙선, 수인분당선",왕십리,왕십리_016,1번출구,지상1층,출구
"2호선, 5호선, 경의중앙선, 수인분당선",왕십리,왕십리_017,12번출구,지상2층,출구
"2호선, 5호선, 경의중앙선, 수인분당선",왕십리,왕십리_018,2번출구,지상1층,출구
"2호선, 5호선, 경의중앙선, 수인분당선",왕십리,왕십리_019,3번출구,지상1층,출구
"2호선, 5호선, 경의중앙선, 수인분당선",왕십리,왕십리_020,4번출구,지상1층,출구
"2호선, 5호선, 경의중앙선, 수인분당선",왕십리,왕십리_021,5번출구,지상1층,출구
"2호선, 5호선, 경의중앙선, 수인분당선",왕십리,왕십리_022,6번출구,지상1층,출구
"2호선, 5호선, 경의중앙선, 수인분당선",왕십리,왕십리_023,7번출구,지상1층,출구
"2호선, 5호선, 경의중앙선, 수인분당선",왕십리,왕십리_024,8번출구,지상1층,출구
"2호선, 5호선, 경의중앙선, 수인분당선",왕십리,왕십리_025,9번출구,지상1층,출구
"2호선, 5호선, 경의중앙선, 수인분당선",왕십리,왕십리_026,10번출구,지상1층,출구
"2호선, 5호선, 경의중앙선, 수인분당선",왕십리,왕십리_027,11번출구,지상1층,출구
"2호선, 5호선, 경의중앙선, 수인분당선",왕십리,왕십리_028,13번출구,지상2층,출구
2호선(성수지선),용답,용답_001,2호선 대합실,지상1층,대합실
2호선(성수지선),용답,용답_002,2호선 신답 방면 승강장,지상2층,승강장
2호선(성수지선),용답,용답_003,2호선 성수 방면 승강장,지상2층,승강장
2호선(성수지선),용답,용답_004,1번출구,지상1층,출구
2호선(성수지선),용답,용답_005,2번출구,지상2층,출구
2호선(성수지선),용두,용두_001,2호선 대합실,지하1층,대합실
2호선(성수지선),용두,용두_002,2호선 신설동 방면 승강장,지하1층,승강장
2호선(성수지선),용두,용두_003,2호선 신답 방면 승강장,지하1층,승강장
2호선(성수지선),용두,용두_004,1번출구,지상1층,출구
2호선(성수지선),용두,용두_005,4번출구,지상1층,출구
2호선(성수지선),용두,용두_006,2번출구,지상1층,출구
2호선(성수지선),용두,용두_007,3번출구,지상1층,출구
2호선(성수지선),용두,용두_008,5번출구,지상1층,출구
"2호선, 3호선",을지로3가,을지로2_001,2호선 대합실,지하1층,대합실
"2호선, 3호선",을지로3가,을지로2_002,3호선 대합실,지하1층,대합실
"2호선, 3호선",을지로3가,을지로2_003,3호선 대합실,지하2층,대합실
"2호선, 3호선",을지로3가,을지로2_004,2호선 을지로4가 방면 승강장,지하2층,승강장
"2호선, 3호선",을지로3가,을지로2_005,2호선 을지로입구 방면 승강장,지하2층,승강장
"2호선, 3호선",을지로3가,을지로2_006,3호선 충무로 방면 승강장,지하3층,승강장
"2호선, 3호선",을지로3가,을지로2_007,3호선 종로3가 방면 승강장,지하3층,승강장
"2호선, 3호선",을지로3가,을지로2_008,1번출구,지상1층,출구
"2호선, 3호선",을지로3가,을지로2_009,3번출구,지상1층,출구
"2호선, 3호선",을지로3가,을지로2_010,2번출구,지상1층,출구
"2호선, 3호선",을지로3가,을지로2_011,11번출구,지상1층,출구
"2호선, 3호선",을지로3가,을지로2_012,12번출구,지상1층,출구
"2호선, 3호선",을지로3가,을지로2_013,4번출구,지상1층,출구
"2호선, 3호선",을지로3가,을지로2_014,5번출구,지상1층,출구
"2호선, 3호선",을지로3가,을지로2_015,6번출구,지상1층,출구
"2호선, 3호선",을지로3가,을지로2_016,7번출구,지상1층,출구
"2호선, 3호선",을지로3가,을지로2_017,8번출구,지상1층,출구
"2호선, 3호선",을지로3가,을지로2_018,9번출구,지상1층,출구
"2호선, 3호선",을지로3가,을지로2_019,10번출구,지상1층,출구
"2호선, 5호선",을지로4가,을지로3_001,2호선 대합실,지하1층,대합실
"2호선, 5호선",을지로4가,을지로3_002,5호선 대합실,지하1층,대합실
"2호선, 5호선",을지로4가,을지로3_003,5호선 대합실,지하2층,대합실
"2호선, 5호선",을지로4가,을지로3_004,5호선 대합실,지하3층,대합실
"2호선, 5호선",을지로4가,을지로3_005,5호선 대합실,지하4층,대합실
"2호선, 5호선",을지로4가,을지로3_006,2호선 을지로3가 방면 승강장,지하2층,승강장
"2호선, 5호선",을지로4가,을지로3_007,2호선 동대문역사문화공원 방면 승강장,지하2층,승강장
"2호선, 5호선",을지로4가,을지로3_008,5호선 동대문역사문화공원 방면 승강장,지하5층,승강장
"2호선, 5호선",을지로4가,을지로3_009,5호선 종로3가 방면 승강장,지하5층,승강장
"2호선, 5호선",을지로4가,을지로3_010,1번출구,지상1층,출구
"2호선, 5호선",을지로4가,을지로3_011,7번출구,지상1층,출구
"2호선, 5호선",을지로4가,을지로3_012,2번출구,지상1층,출구
"2호선, 5호선",을지로4가,을지로3_013,3번출구,지상1층,출구
"2호선, 5호선",을지로4가,을지로3_014,4번출구,지상1층,출구
"2호선, 5호선",을지로4가,을지로3_015,5번출구,지상1층,출구
"2호선, 5호선",을지로4가,을지로3_016,6번출구,지상1층,출구
"2호선, 5호선",을지로4가,을지로3_017,8번출구,지상1층,출구
"2호선, 5호선",을지로4가,을지로3_018,9번출구,지상1층,출구
"2호선, 5호선",을지로4가,을지로3_019,10번출구,지상1층,출구
2호선,을지로입구,을지로_001,2호선 대합실,지하1층,대합실
2호선,을지로입구,을지로_002,2호선 시청 방면 승강장,지하2층,승강장
2호선,을지로입구,을지로_003,2호선 을지로3가 방면 승강장,지하2층,승강장
2호선,을지로입구,을지로_004,1번출구,지상1층,출구
2호선,을지로입구,을지로_005,2번출구,지상1층,출구
2호선,을지로입구,을지로_006,3번출구,지상1층,출구
2호선,을지로입구,을지로_007,4번출구,지상1층,출구
2호선,을지로입구,을지로_008,5번출구,지상1층,출구
2호선,을지로입구,을지로_009,6번출구,지상1층,출구
2호선,을지로입구,을지로_010,7번출구,지상1층,출구
2호선,을지로입구,을지로_011,8번출구,지상1층,출구
2호선,이대,이대_001,2호선 대합실,지하1층,대합실
2호선,이대,이대_002,2호선 아현 방면 승강장,지하2층,승강장
2호선,이대,이대_003,2호선 신촌 방면 승강장,지하2층,승강장
2호선,이대,이대_004,1번출구,지상1층,출구
2호선,이대,이대_005,2번출구,지상1층,출구
2호선,이대,이대_006,3번출구,지상1층,출구
2호선,이대,이대_007,4번출구,지상1층,출구
2호선,이대,이대_008,5번출구,지상1층,출구
2호선,이대,이대_009,6번출구,지상1층,출구
"2호선, 8호선",잠실,잠실_001,2호선 대합실,지하1층,대합실
"2호선, 8호선",잠실,잠실_002,8호선 대합실,지하2층,대합실
"2호선, 8호선",잠실,잠실_003,2호선 잠실새내 방면 승강장,지하2층,승강장
"2호선, 8호선",잠실,잠실_004,2호선 잠실나루 방면 승강장,지하2층,승강장
"2호선, 8호선",잠실,잠실_005,8호선 석촌 방면 승강장,지하3층,승강장
"2호선, 8호선",잠실,잠실_006,8호선 몽촌토성 방면 승강장,지하3층,승강장
"2호선, 8호선",잠실,잠실_007,1번출구,지상1층,출구
"2호선, 8호선",잠실,잠실_008,9번출구,지상1층,출구
"2호선, 8호선",잠실,잠실_009,2번출구,지상1층,출구
"2호선, 8호선",잠실,잠실_010,3번출구,지상1층,출구
"2호선, 8호선",잠실,잠실_011,4번출구,지상1층,출구
"2호선, 8호선",잠실,잠실_012,5번출구,지상1층,출구
"2호선, 8호선",잠실,잠실_013,6번출구,지상1층,출구
"2호선, 8호선",잠실,잠실_014,7번출구,지상1층,출구
"2호선, 8호선",잠실,잠실_015,8번출구,지상1층,출구
"2호선, 8호선",잠실,잠실_016,10번출구,지상1층,출구
"2호선, 8호선",잠실,잠실_017,11번출구,지상1층,출구
2호선,잠실나루,잠실나_001,2호선 대합실,지상1층,대합실
2호선,잠실나루,잠실나_002,2호선 강변 방면 승강장,지상2층,승강장
2호선,잠실나루,잠실나_003,2호선 잠실 방면 승강장,지상2층,승강장
2호선,잠실나루,잠실나_004,1번출구,지상1층,출구
2호선,잠실나루,잠실나_005,2번출구,지상1층,출구
2호선,잠실나루,잠실나_006,3번출구,지상1층,출구
2호선,잠실나루,잠실나_007,4번출구,지상1층,출구
2호선,잠실새내,잠실새_001,2호선 대합실,지하1층,대합실
2호선,잠실새내,잠실새_002,2호선 잠실 방면 승강장,지하2층,승강장
2호선,잠실새내,잠실새_003,2호선 종합운동장 방면 승강장,지하2층,승강장
2호선,잠실새내,잠실새_004,1번출구,지상1층,출구
2호선,잠실새내,잠실새_005,2번출구,지상1층,출구
2호선,잠실새내,잠실새_006,3번출구,지상1층,출구
2호선,잠실새내,잠실새_007,4번출구,지상1층,출구
2호선,잠실새내,잠실새_008,5번출구,지상1층,출구
2호선,잠실새내,잠실새_009,6번출구,지상1층,출구
2호선,잠실새내,잠실새_010,7번출구,지상1층,출구
2호선,잠실새내,잠실새_011,8번출구,지상1층,출구
"2호선, 9호선",종합운동장,종합운_001,2호선 대합실,지하1층,대합실
"2호선, 9호선",종합운동장,종합운_002,9호선 대합실,지하1층,대합실
"2호선, 9호선",종합운동장,종합운_003,9호선 대합실,지하2층,대합실
"2호선, 9호선",종합운동장,종합운_004,2호선 잠실새내 방면 승강장,지하2층,승강장
"2호선, 9호선",종합운동장,종합운_005,2호선 삼성 방면 승강장,지하2층,승강장
"2호선, 9호선",종합운동장,종합운_006,9호선 삼전 방면 승강장,지하4층,승강장
"2호선, 9호선",종합운동장,종합운_007,9호선 봉은사 방면 승강장,지하4층,승강장
"2호선, 9호선",종합운동장,종합운_008,1번출구,지상1층,출구
"2호선, 9호선",종합운동장,종합운_009,9번출구,지상1층,출구
"2호선, 9호선",종합운동장,종합운_010,2번출구,지상1층,출구
"2호선, 9호선",종합운동장,종합운_011,3번출구,지상1층,출구
"2호선, 9호선",종합운동장,종합운_012,4번출구,지상1층,출구
"2호선, 9호선",종합운동장,종합운_013,5번출구,지상1층,출구
"2호선, 9호선",종합운동장,종합운_014,6번출구,지상1층,출구
"2호선, 9호선",종합운동장,종합운_015,7번출구,지상1층,출구
"2호선, 9호선",종합운동장,종합운_016,8번출구,지상1층,출구
"2호선, 5호선",충정로,충정로_001,2호선 대합실,지하1층,대합실
"2호선, 5호선",충정로,충정로_002,2호선 대합실,지하2층,대합실
"2호선, 5호선",충정로,충정로_003,5호선 대합실,지하1층,대합실
"2호선, 5호선",충정로,충정로_004,5호선 대합실,지하2층,대합실
"2호선, 5호선",충정로,충정로_005,5호선 대합실,지하4층,대합실
"2호선, 5호선",충정로,충정로_006,2호선 아현 방면 승강장,지하3층,승강장
"2호선, 5호선",충정로,충정로_007,2호선 시청 방면 승강장,지하3층,승강장
"2호선, 5호선",충정로,충정로_008,5호선 애오개 방면 승강장,지하5층,승강장
"2호선, 5호선",충정로,충정로_009,5호선 서대문 방면 승강장,지하5층,승강장
"2호선, 5호선",충정로,충정로_010,7번출구,지상1층,출구
"2호선, 5호선",충정로,충정로_011,3번출구,지하1층,출구
"2호선, 5호선",충정로,충정로_012,1번출구,지상1층,출구
"2호선, 5호선",충정로,충정로_013,8번출구,지상1층,출구
"2호선, 5호선",충정로,충정로_014,9번출구,지상1층,출구
"2호선, 5호선",충정로,충정로_015,10번출구,지상1층,출구
"2호선, 5호선",충정로,충정로_016,4번출구,지하1층,출구
"2호선, 5호선",충정로,충정로_017,2번출구,지상1층,출구
"2호선, 5호선",충정로,충정로_018,5번출구,지상1층,출구
"2호선, 5호선",충정로,충정로_019,6번출구,지상1층,출구
2호선,한양대,한양대_001,2호선 대합실,지상2층,대합실
2호선,한양대,한양대_002,2호선 왕십리 방면 승강장,지상1층,승강장
2호선,한양대,한양대_003,2호선 뚝섬 방면 승강장,지상1층,승강장
2호선,한양대,한양대_004,1번출구,지상1층,출구
2호선,한양대,한양대_005,2번출구,지상3층,출구
2호선,한양대,한양대_006,3번출구,지상1층,출구
2호선,한양대,한양대_007,4번출구,지상1층,출구
"2호선, 6호선",합정,합정_001,2호선 대합실,지하1층,대합실
"2호선, 6호선",합정,합정_002,6호선 대합실,지하1층,대합실
"2호선, 6호선",합정,합정_003,6호선 대합실,지하3층,대합실
"2호선, 6호선",합정,합정_004,2호선 당산 방면 승강장,지하2층,승강장
"2호선, 6호선",합정,합정_005,2호선 홍대입구 방면 승강장,지하2층,승강장
"2호선, 6호선",합정,합정_006,6호선 망원 방면 승강장,지하4층,승강장
"2호선, 6호선",합정,합정_007,6호선 상수 방면 승강장,지하4층,승강장
"2호선, 6호선",합정,합정_008,1번출구,지상1층,출구
"2호선, 6호선",합정,합정_009,8번출구,지상1층,출구
"2호선, 6호선",합정,합정_010,2번출구,지상1층,출구
"2호선, 6호선",합정,합정_011,3번출구,지상1층,출구
"2호선, 6호선",합정,합정_012,4번출구,지상1층,출구
"2호선, 6호선",합정,합정_013,5번출구,지상1층,출구
"2호선, 6호선",합정,합정_014,6번출구,지상1층,출구
"2호선, 6호선",합정,합정_015,7번출구,지상1층,출구
"2호선, 6호선",합정,합정_016,9번출구,지상1층,출구
"2호선, 6호선",합정,합정_017,10번출구,지상1층,출구
"2호선, 경의중앙선, 공항철도선",홍대입구,홍대입_001,2호선 대합실,지하1층,대합실
"2호선, 경의중앙선, 공항철도선",홍대입구,홍대입_002,경의중앙선 대합실,지하2층,대합실
"2호선, 경의중앙선, 공항철도선",홍대입구,홍대입_003,공항철도 대합실,지하2층,대합실
"2호선, 경의중앙선, 공항철도선",홍대입구,홍대입_004,2호선 합정 방면 승강장,지하2층,승강장
"2호선, 경의중앙선, 공항철도선",홍대입구,홍대입_005,2호선 신촌 방면 승강장,지하2층,승강장
"2호선, 경의중앙선, 공항철도선",홍대입구,홍대입_006,경의중앙선 가좌 방면 승강장,지하1층,승강장
"2호선, 경의중앙선, 공항철도선",홍대입구,홍대입_007,경의중앙선 서강대 방면 승강장,지하1층,승강장
"2호선, 경의중앙선, 공항철도선",홍대입구,홍대입_008,공항철도 공덕 방면 승강장,지하4층,승강장
"2호선, 경의중앙선, 공항철도선",홍대입구,홍대입_009,공항철도 디지털미디어시티 방면 승강장,지하4층,승강장
"2호선, 경의중앙선, 공항철도선",홍대입구,홍대입_010,1번출구,지상1층,출구
"2호선, 경의중앙선, 공항철도선",홍대입구,홍대입_011,5번출구,지상1층,출구
"2호선, 경의중앙선, 공항철도선",홍대입구,홍대입_012,6번출구,지상1층,출구
"2호선, 경의중앙선, 공항철도선",홍대입구,홍대입_013,2번출구,지상1층,출구
"2호선, 경의중앙선, 공항철도선",홍대입구,홍대입_014,3번출구,지상1층,출구
"2호선, 경의중앙선, 공항철도선",홍대입구,홍대입_015,4번출구,지상1층,출구
"2호선, 경의중앙선, 공항철도선",홍대입구,홍대입_016,8번출구,지상1층,출구
"2호선, 경의중앙선, 공항철도선",홍대입구,홍대입_017,9번출구,지상1층,출구
"2호선, 경의중앙선, 공항철도선",홍대입구,홍대입_018,7번출구,지상1층,출구
"2호선, 1호선",시청,시청_020,"1호선 서울역 방면 5-4, 7-4, 9-3",지하2층,탑승구
"2호선, 1호선",시청,시청_021,"1호선 종각 방면 2-2, 4-1, 6-1, 7-4",지하2층,탑승구
"2호선(성수지선), 1호선, 우이신설선",신설동,신설동_019,1호선 동묘앞 방면 2-1,지하2층,탑승구
"2호선(성수지선), 1호선, 우이신설선",신설동,신설동_020,1호선 제기동 방면 9-4,지하2층,탑승구
"2호선, 신분당선",강남,강남_020,"2호선 교대 방면 2-3, 4-2, 7-2, 9-1",지하2층,탑승구
"2호선, 신분당선",강남,강남_021,"2호선 역삼 방면 2-4, 4-3, 7-3, 9-2",지하2층,탑승구
2호선,강변,강변_008,"2호선 구의 방면 3-2, 6-3, 8-4",지상2층,탑승구
2호선,강변,강변_009,"2호선 잠실나루 방면 3-1, 5-2, 8-3",지상2층,탑승구
2호선,강변,강변_010,2호선 잠실나루 방면 9-1,지상2층,탑승구
"2호선, 7호선",건대입구,건대입구_001,"2호선 구의 방면 5-2, 7-3, 8-3",지상3층,탑승구
"2호선, 7호선",건대입구,건대입구_002,"2호선 성수 방면 3-3, 4-3, 6-2",지상3층,탑승구
"2호선, 3호선",교대,교대_022,"2호선 강남 방면 1-4, 3-4, 8-2, 9-4",지하2층,탑승구
"2호선, 3호선",교대,교대_023,"2호선 서초 방면 10-1, 2-1, 3-3, 8-1",지하2층,탑승구
2호선,구로디지털단지,구로디지털단지_001,"2호선 대림 방면 2-3, 4-4, 6-2, 8-3",지상3층,탑승구
2호선,구로디지털단지,구로디지털단지_002,"2호선 신대방 방면 3-1, 5-2, 6-4, 9-1",지상3층,탑승구
2호선,구의,구의_008,"2호선 강변 방면 3-4, 8-1",지상3층,탑승구
2호선,구의,구의_009,"2호선 건대입구 방면 3-4, 7-4",지상3층,탑승구
2호선,낙성대,낙성대_012,"2호선 사당 방면 2-3, 4-2, 7-4, 9-2",지하2층,탑승구
2호선,낙성대,낙성대_013,"2호선 서울대입구 방면 2-3, 4-1, 7-3, 9-2",지하2층,탑승구
"2호선, 9호선",당산,당산_021,"2호선 영등포구청 방면 3-1, 4-4, 8-4",지상3층,탑승구
"2호선, 9호선",당산,당산_022,"2호선 합정 방면 3-1, 7-1, 8-4",지상3층,탑승구
"2호선, 7호선",대림,대림_019,"2호선 구로디지털단지 방면 2-1, 4-1, 7-4",지상3층,탑승구
"2호선, 7호선",대림,대림_020,"2호선 신도림 방면 2-1, 4-1, 9-3",지상3층,탑승구
2호선(신정지선),도림천,도림천_009,"2호선 신도림 방면 2-2, 4-1",지하3층,탑승구
2호선(신정지선),도림천,도림천_010,"2호선 양천구청 방면 3-4, 5-3",지하3층,탑승구
"2호선, 4호선, 5호선",동대문역사문화공원,동대문역사문화공원_001,"2호선 신당 방면 3-4, 5-2, 7-4, 9-2",지하2층,탑승구
"2호선, 4호선, 5호선",동대문역사문화공원,동대문역사문화공원_002,"2호선 을지로4가 방면 3-2, 4-1, 6-3, 8-1",지하2층,탑승구
2호선,뚝섬,뚝섬_012,"2호선 성수 방면 2-4, 4-4, 7-1, 9-1",지상3층,탑승구
2호선,뚝섬,뚝섬_013,"2호선 한양대 방면 2-4, 4-4, 7-1, 9-1",지상3층,탑승구
2호선,문래,문래_011,"2호선 신도림 방면 3-1, 4-3, 7-4, 9-2",지하2층,탑승구
2호선,문래,문래_012,"2호선 영등포구청 방면 2-3, 4-1, 7-2, 8-4",지하2층,탑승구
2호선,방배,방배_008,2호선 사당 방면 9-3,지하2층,탑승구
2호선,방배,방배_009,"2호선 서초 방면 2-1, 4-1, 7-2, 9-1",지하2층,탑승구
2호선,봉천,봉천_010,"2호선 서울대입구 방면 2-4, 4-4, 7-1, 8-4",지하2층,탑승구
2호선,봉천,봉천_011,"2호선 서울대입구 방면 6-2, 5-3",지하2층,탑승구
2호선,봉천,봉천_012,"2호선 신림 방면 9-1, 7-1, 4-4, 3-1",지하2층,탑승구
2호선,봉천,봉천_013,"2호선 신림 방면 5-3, 6-2",지하2층,탑승구
"2호선, 4호선",사당,사당_022,"2호선 낙성대 방면 3-3, 8-1",지하2층,탑승구
"2호선, 4호선",사당,사당_023,"2호선 낙성대 방면 3-3, 8-1",지하2층,탑승구
"2호선, 4호선",사당,사당_024,"2호선 방배 방면 3-3, 8-1",지하2층,탑승구
"2호선, 4호선",사당,사당_025,"2호선 방배 방면 3-3, 8-1",지하2층,탑승구
2호선,삼성,삼성_010,"2호선 선릉 방면 9-4, 8-2, 4-1, 2-3",지하2층,탑승구
2호선,삼성,삼성_011,"2호선 종합운동장 방면 2-1, 3-3, 7-4, 9-2",지하2층,탑승구
2호선,상왕십리,상왕십리_001,"2호선 신당 방면 2-4, 4-4, 7-1, 9-1",지하2층,탑승구
2호선,상왕십리,상왕십리_002,"2호선 왕십리 방면 2-4, 4-4, 7-1, 9-1",지하2층,탑승구
2호선,서울대입구,서울대입구_001,"2호선 낙성대 방면 3-4, 7-4",지하2층,탑승구
2호선,서울대입구,서울대입구_002,"2호선 낙성대 방면 2-4, 5-3, 8-4",지하2층,탑승구
2호선,서울대입구,서울대입구_003,"2호선 봉천 방면 8-1, 4-1",지하2층,탑승구
2호선,서울대입구,서울대입구_004,"2호선 봉천 방면 8-4, 6-2, 2-4",지하2층,탑승구
2호선,서초,서초_012,"2호선 교대 방면 2-2, 4-1, 8-1, 9-1",지하2층,탑승구
2호선,서초,서초_013,"2호선 방배 방면 1-4, 3-3, 7-3, 9-2",지하2층,탑승구
"2호선, 분당선",선릉,선릉_019,"2호선 삼성 방면 3-1, 4-3, 7-2, 8-4",지하2층,탑승구
"2호선, 분당선",선릉,선릉_020,"2호선 역삼 방면 3-1, 4-3, 7-2, 8-4",지하2층,탑승구
"2호선, 2호선(성수지선)",성수,성수_009,"2호선 뚝섬 방면 1-1, 10-4",지상3층,탑승구
"2호선, 1호선",시청,시청_022,"2호선 을지로입구 방면 9-3, 8-4, 7-4, 5-1, 2-2",지하3층,탑승구
"2호선, 1호선",시청,시청_023,"2호선 충정로 방면 2-2, 3-1, 4-1, 6-4, 9-3",지하3층,탑승구
2호선(성수지선),신답,신답_005,2호선 용답 방면 3-1,지상1층,탑승구
2호선(성수지선),신답,신답_006,2호선 용두 방면 3-2,지상1층,탑승구
"2호선, 6호선",신당,신당_020,"2호선 동대문역사문화공원 방면 2-4, 4-2, 7-2, 8-4",지하2층,탑승구
"2호선, 6호선",신당,신당_021,"2호선 상왕십리 방면 2-4, 4-3, 7-3, 9-1",지하2층,탑승구
2호선,신대방,신대방_008,"2호선 구로디지털단지 방면 10-3, 2-3",지상3층,탑승구
2호선,신대방,신대방_009,"2호선 구로디지털단지 방면 3-1, 7-1",지상3층,탑승구
2호선,신대방,신대방_010,"2호선 신림 방면 1-2, 9-1",지상3층,탑승구
2호선,신대방,신대방_011,"2호선 신림 방면 4-3, 8-3",지상3층,탑승구
"2호선, 2호선(신정지선), 1호선",신도림,신도림_019,"2호선 대림 방면 2-2, 6-2, 6-4, 9-2",지하2층,탑승구
"2호선, 2호선(신정지선), 1호선",신도림,신도림_020,"2호선 대림 방면 4-2, 5-1, 7-3",지하2층,탑승구
"2호선, 2호선(신정지선), 1호선",신도림,신도림_021,2호선 문래 방면 4-1,지하2층,탑승구
"2호선, 신림선",신림,신림_015,"2호선 봉천 방면 2-3, 4-2, 6-2, 8-1",지하2층,탑승구
"2호선, 신림선",신림,신림_016,"2호선 신대방 방면 9-2, 7-3, 5-3, 3-4",지하2층,탑승구
"2호선(성수지선), 1호선, 우이신설선",신설동,신설동_021,2호선 용두 방면 1-1,지하2층,탑승구
2호선(신정지선),신정네거리,신정네거리_001,"2호선 까치산 방면 2-3, 4-4",지하3층,탑승구
2호선(신정지선),신정네거리,신정네거리_002,"2호선 양천구청 방면 3-1, 5-1",지하3층,탑승구
2호선,신촌,신촌_012,"2호선 이대 방면 4-1, 5-4, 6-2, 8-1",지하2층,탑승구
2호선,신촌,신촌_013,"2호선 홍대입구 방면 3-4, 5-3, 6-1, 7-4",지하2층,탑승구
2호선,아현,아현_008,"2호선 이대 방면 3-2, 5-1, 7-4, 9-3",지하2층,탑승구
2호선,아현,아현_009,"2호선 충정로 방면 2-2, 4-1, 6-4, 8-3",지하2층,탑승구
2호선(신정지선),양천구청,양천구청_001,"2호선 도림천 방면 2-3, 5-1",지하2층,탑승구
2호선(신정지선),양천구청,양천구청_002,"2호선 신정네거리 방면 2-3, 5-1",지하2층,탑승구
2호선,역삼,역삼_013,"2호선 강남 방면 2-1, 4-1, 6-3, 8-3",지하3층,탑승구
2호선,역삼,역삼_014,"2호선 선릉 방면 3-2, 5-2, 7-4, 9-4",지하3층,탑승구
"2호선, 5호선",영등포구청,영등포구청_001,"2호선 당산 방면 3-1, 7-4, 9-3",지하2층,탑승구
"2호선, 5호선",영등포구청,영등포구청_002,"2호선 문래 방면 2-3, 4-2, 7-4, 9-3",지하2층,탑승구
"2호선, 5호선, 경의중앙선, 수인분당선",왕십리,왕십리_029,"2호선 상왕십리 방면 2-4, 4-4, 7-4, 9-2",지하2층,탑승구
"2호선, 5호선, 경의중앙선, 수인분당선",왕십리,왕십리_030,2호선 상왕십리 방면 7-1,지하2층,탑승구
"2호선, 5호선, 경의중앙선, 수인분당선",왕십리,왕십리_031,"2호선 한양대 방면 2-3, 4-1, 8-4",지하2층,탑승구
"2호선, 5호선, 경의중앙선, 수인분당선",왕십리,왕십리_032,"2호선 한양대 방면 2-3, 3-1",지하2층,탑승구
2호선(성수지선),용답,용답_006,2호선 성수 방면 3-2,지상2층,탑승구
2호선(성수지선),용답,용답_007,2호선 신답 방면 2-3,지상2층,탑승구
2호선(성수지선),용두,용두_009,2호선 신답 방면 2-4,지하1층,탑승구
2호선(성수지선),용두,용두_010,2호선 신답 방면 3-1,지하1층,탑승구
2호선(성수지선),용두,용두_011,2호선 신설동 방면 3-1,지하1층,탑승구
2호선(성수지선),용두,용두_012,2호선 신설동 방면 2-4,지하1층,탑승구
"2호선, 5호선",을지로4가,을지로4가_001,"2호선 동대문역사문화공원 방면 2-3, 2-4, 4-1, 9-1",지하2층,탑승구
"2호선, 5호선",을지로4가,을지로4가_002,"2호선 을지로3가 방면 7-4, 9-2",지하2층,탑승구
2호선,을지로입구,을지로입구_001,"2호선 시청 방면 1-3, 10-2, 5-2, 7-2",지하2층,탑승구
2호선,을지로입구,을지로입구_002,"2호선 을지로3가 방면 1-3, 10-2, 4-3, 6-3",지하2층,탑승구
2호선,이대,이대_010,2호선 신촌 방면 2-2,지하2층,탑승구
2호선,이대,이대_011,"2호선 신촌 방면 2-2, 9-3",지하2층,탑승구
2호선,이대,이대_012,2호선 아현 방면 9-3,지하2층,탑승구
2호선,이대,이대_013,"2호선 아현 방면 9-3, 2-2",지하2층,탑승구
"2호선, 8호선",잠실,잠실_018,"2호선 잠실나루 방면 2-2, 7-3",지하2층,탑승구
"2호선, 8호선",잠실,잠실_019,"2호선 잠실새내 방면 4-1, 5-4, 7-2, 9-1",지하2층,탑승구
"2호선, 8호선",잠실,잠실_020,2호선 잠실새내 방면 5-3,지하2층,탑승구
2호선,잠실나루,잠실나루_001,"2호선 강변 방면 4-2, 7-3",지상2층,탑승구
2호선,잠실나루,잠실나루_002,2호선 강변 방면 10-1,지상2층,탑승구
2호선,잠실나루,잠실나루_003,"2호선 잠실 방면 7-3, 4-2",지상2층,탑승구
2호선,잠실나루,잠실나루_004,2호선 잠실 방면 1-4,지상2층,탑승구
2호선,잠실새내,잠실새내_001,"2호선 잠실 방면 3-3, 5-2, 6-3, 8-2",지하2층,탑승구
2호선,잠실새내,잠실새내_002,"2호선 종합운동장 방면 3-3, 5-3, 6-3, 8-2",지하2층,탑승구
"2호선, 9호선",종합운동장,종합운동장_001,"2호선 삼성 방면 2-1, 4-1, 5-4, 7-4",지하2층,탑승구
"2호선, 9호선",종합운동장,종합운동장_002,"2호선 잠실새내 방면 3-4, 5-4, 7-3, 9-3",지하2층,탑승구
"2호선, 5호선",충정로,충정로_020,"2호선 시청 방면 9-4, 8-1, 2-4",지하3층,탑승구
"2호선, 5호선",충정로,충정로_021,2호선 시청 방면 7-1,지하3층,탑승구
"2호선, 5호선",충정로,충정로_022,"2호선 아현 방면 2-1, 3-4, 9-1",지하3층,탑승구
"2호선, 5호선",충정로,충정로_023,2호선 아현 방면 4-4,지하3층,탑승구
"2호선, 6호선",합정,합정_018,"2호선 당산 방면 2-4, 4-4, 7-3, 9-1",지하2층,탑승구
"2호선, 6호선",합정,합정_019,2호선 당산 방면 4-1,지하2층,탑승구
"2호선, 6호선",합정,합정_020,"2호선 홍대입구 방면 4-1, 7-1, 8-4",지하2층,탑승구
"2호선, 6호선",합정,합정_021,2호선 홍대입구 방면 7-3,지하2층,탑승구
"2호선, 경의중앙선, 공항철도선",홍대입구,홍대입구_001,"2호선 신촌 방면 7-4, 7-3",지하2층,탑승구
"2호선, 경의중앙선, 공항철도선",홍대입구,홍대입구_002,"2호선 합정 방면 4-2, 4-1",지하2층,탑승구
"2호선, 3호선",교대,교대_024,"3호선 고속터미널 방면 3-3, 7-4, 9-4",지하3층,탑승구
"2호선, 3호선",교대,교대_025,3호선 고속터미널 방면 3-2,지하3층,탑승구
"2호선, 3호선",교대,교대_026,"3호선 남부터미널 방면 8-2, 4-1, 2-1",지하3층,탑승구
"2호선, 3호선",교대,교대_027,3호선 남부터미널 방면 8-3,지하3층,탑승구
"2호선, 3호선",을지로3가,을지로3가_001,"3호선 종로3가 방면 2-3, 4-1, 7-1, 9-2",지하3층,탑승구
"2호선, 3호선",을지로3가,을지로3가_002,"3호선 종로3가 방면 7-2, 4-2",지하3층,탑승구
"2호선, 3호선",을지로3가,을지로3가_003,"3호선 충무로 방면 9-2, 7-4, 4-4, 2-3",지하3층,탑승구
"2호선, 3호선",을지로3가,을지로3가_004,"3호선 충무로 방면 7-4, 4-3",지하3층,탑승구
"2호선, 4호선, 5호선",동대문역사문화공원,동대문역사문화공원_003,"4호선 동대문 방면 1-1, 3-1, 6-3, 9-2",지하3층,탑승구
"2호선, 4호선, 5호선",동대문역사문화공원,동대문역사문화공원_004,"4호선 동대문 방면 6-3, 9-1, 3-2, 3-1",지하3층,탑승구
"2호선, 4호선, 5호선",동대문역사문화공원,동대문역사문화공원_005,"4호선 충무로 방면 10-4, 8-4, 5-2, 2-3",지하3층,탑승구
"2호선, 4호선, 5호선",동대문역사문화공원,동대문역사문화공원_006,"4호선 충무로 방면 5-2, 2-4, 8-4, 8-3",지하3층,탑승구
"2호선, 4호선",사당,사당_026,"4호선 남태령 방면 1-1, 5-2",지하3층,탑승구
"2호선, 4호선",사당,사당_027,4호선 남태령 방면 1-1,지하3층,탑승구
"2호선, 4호선",사당,사당_028,"4호선 총신대입구 방면 10-4, 6-3",지하3층,탑승구
"2호선, 4호선",사당,사당_029,4호선 총신대입구 방면 10-4,지하3층,탑승구
"2호선(신정지선), 5호선",까치산,까치산_012,5호선 신정 방면 8-4,지하5층,탑승구
"2호선(신정지선), 5호선",까치산,까치산_013,"5호선 신정 방면 7-2, 2-2",지하5층,탑승구
"2호선(신정지선), 5호선",까치산,까치산_014,5호선 화곡 방면 1-1,지하5층,탑승구
"2호선(신정지선), 5호선",까치산,까치산_015,"5호선 화곡 방면 2-3, 7-3",지하5층,탑승구
"2호선, 4호선, 5호선",동대문역사문화공원,동대문역사문화공원_007,5호선 을지로4가 방면 1-1,지하5층,탑승구
"2호선, 4호선, 5호선",동대문역사문화공원,동대문역사문화공원_008,5호선 청구 방면 8-4,지하5층,탑승구
"2호선, 5호선",영등포구청,영등포구청_003,"5호선 양평 방면 2-4, 4-4, 7-2",지하5층,탑승구
"2호선, 5호선",영등포구청,영등포구청_004,5호선 양평 방면 7-2,지하5층,탑승구
"2호선, 5호선",영등포구청,영등포구청_005,"5호선 영등포시장 방면 2-3, 5-1, 7-1",지하5층,탑승구
"2호선, 5호선",영등포구청,영등포구청_006,5호선 영등포시장 방면 2-3,지하5층,탑승구
"2호선, 5호선, 경의중앙선, 수인분당선",왕십리,왕십리_033,"5호선 마장 방면 5-2, 7-2",지하5층,탑승구
"2호선, 5호선, 경의중앙선, 수인분당선",왕십리,왕십리_034,"5호선 행당 방면 2-3, 4-3",지하5층,탑승구
"2호선, 5호선",을지로4가,을지로4가_003,"5호선 동대문역사문화공원 방면 4-2, 1-4",지하5층,탑승구
"2호선, 5호선",을지로4가,을지로4가_004,"5호선 동대문역사문화공원 방면 1-4, 1-1",지하5층,탑승구
"2호선, 5호선",을지로4가,을지로4가_005,"5호선 종로3가 방면 5-3, 8-1",지하5층,탑승구
"2호선, 5호선",을지로4가,을지로4가_006,"5호선 종로3가 방면 8-1, 8-4",지하5층,탑승구
"2호선, 5호선",충정로,충정로_024,"5호선 서대문 방면 5-4, 3-4",지하5층,탑승구
"2호선, 5호선",충정로,충정로_025,"5호선 애오개 방면 4-1, 6-1",지하5층,탑승구
"2호선, 6호선",신당,신당_022,"6호선 동묘앞 방면 7-3, 3-4",지하3층,탑승구
"2호선, 6호선",신당,신당_023,"6호선 동묘앞 방면 8-4, 7-3, 3-4",지하3층,탑승구
"2호선, 6호선",신당,신당_024,"6호선 청구 방면 2-2, 6-1",지하3층,탑승구
"2호선, 6호선",신당,신당_025,"6호선 청구 방면 1-1, 2-2, 6-1",지하3층,탑승구
"2호선, 6호선",합정,합정_022,"6호선 망원 방면 3-3, 5-2",지하4층,탑승구
"2호선, 6호선",합정,합정_023,6호선 망원 방면 3-3,지하4층,탑승구
"2호선, 6호선",합정,합정_024,"6호선 상수 방면 4-2, 6-2",지하4층,탑승구
"2호선, 6호선",합정,합정_025,6호선 상수 방면 6-1,지하4층,탑승구
"2호선, 7호선",건대입구,건대입구_003,"7호선 어린이대공원 방면 3-3, 4-3, 6-4",지하3층,탑승구
"2호선, 7호선",건대입구,건대입구_004,7호선 어린이대공원 방면 6-4,지하3층,탑승구
"2호선, 7호선",건대입구,건대입구_005,"7호선 자양 방면 2-1, 5-1",지하3층,탑승구
"2호선, 7호선",건대입구,건대입구_006,7호선 자양 방면 1-1,지하3층,탑승구
"2호선, 7호선",대림,대림_021,"7호선 남구로 방면 1-1, 4-1, 5-4",지하2층,탑승구
"2호선, 7호선",대림,대림_022,7호선 남구로 방면 1-1,지하2층,탑승구
"2호선, 7호선",대림,대림_023,"7호선 신풍 방면 4-1, 5-4, 8-4",지하2층,탑승구
"2호선, 7호선",대림,대림_024,7호선 신풍 방면 8-4,지하2층,탑승구
"2호선, 8호선",잠실,잠실_021,"8호선 몽촌토성 방면 3-1, 5-1",지하3층,탑승구
"2호선, 8호선",잠실,잠실_022,"8호선 석촌 방면 2-4, 4-4",지하3층,탑승구
