호선,station,source,target,relation
2호선,시청(1),시청_001,시청_004,대합실→승강장
2호선,시청(1),시청_004,시청_001,대합실→승강장
2호선,시청(1),시청_001,시청_005,대합실→승강장
2호선,시청(1),시청_005,시청_001,대합실→승강장
2호선,시청(1),시청_002,시청_006,대합실→승강장
2호선,시청(1),시청_006,시청_002,대합실→승강장
2호선,시청(1),시청_002,시청_007,대합실→승강장
2호선,시청(1),시청_007,시청_002,대합실→승강장
2호선,시청(1),시청_003,시청_006,대합실→승강장
2호선,시청(1),시청_006,시청_003,대합실→승강장
2호선,시청(1),시청_003,시청_007,대합실→승강장
2호선,시청(1),시청_007,시청_003,대합실→승강장
2호선,시청(1),시청_008,시청_001,출구→대합실
2호선,시청(1),시청_001,시청_008,출구→대합실
2호선,시청(1),시청_009,시청_002,출구→대합실
2호선,시청(1),시청_002,시청_009,출구→대합실
2호선,시청(1),시청_003,시청_004,환승통로
2호선,시청(1),시청_004,시청_003,환승통로
2호선,시청(1),시청_003,시청_005,환승통로
2호선,시청(1),시청_005,시청_003,환승통로
2호선,을지로입구,을지로_001,을지로_002,대합실→승강장
2호선,을지로입구,을지로_002,을지로_001,대합실→승강장
2호선,을지로입구,을지로_001,을지로_003,대합실→승강장
2호선,을지로입구,을지로_003,을지로_001,대합실→승강장
2호선,을지로입구,을지로_004,을지로_001,출구→대합실
2호선,을지로입구,을지로_001,을지로_004,출구→대합실
2호선,을지로3가(3),을지로2_001,을지로2_004,대합실→승강장
2호선,을지로3가(3),을지로2_004,을지로2_001,대합실→승강장
2호선,을지로3가(3),을지로2_001,을지로2_005,대합실→승강장
2호선,을지로3가(3),을지로2_005,을지로2_001,대합실→승강장
2호선,을지로3가(3),을지로2_002,을지로2_006,대합실→승강장
2호선,을지로3가(3),을지로2_006,을지로2_002,대합실→승강장
2호선,을지로3가(3),을지로2_002,을지로2_007,대합실→승강장
2호선,을지로3가(3),을지로2_007,을지로2_002,대합실→승강장
2호선,을지로3가(3),을지로2_003,을지로2_006,대합실→승강장
2호선,을지로3가(3),을지로2_006,을지로2_003,대합실→승강장
2호선,을지로3가(3),을지로2_003,을지로2_007,대합실→승강장
2호선,을지로3가(3),을지로2_007,을지로2_003,대합실→승강장
2호선,을지로3가(3),을지로2_008,을지로2_001,출구→대합실
2호선,을지로3가(3),을지로2_001,을지로2_008,출구→대합실
2호선,을지로3가(3),을지로2_009,을지로2_002,출구→대합실
2호선,을지로3가(3),을지로2_002,을지로2_009,출구→대합실
2호선,을지로3가(3),을지로2_004,을지로2_003,환승통로
2호선,을지로3가(3),을지로2_003,을지로2_004,환승통로
2호선,을지로4가(5),을지로3_001,을지로3_006,대합실→승강장
2호선,을지로4가(5),을지로3_006,을지로3_001,대합실→승강장
2호선,을지로4가(5),을지로3_001,을지로3_007,대합실→승강장
2호선,을지로4가(5),을지로3_007,을지로3_001,대합실→승강장
2호선,을지로4가(5),을지로3_002,을지로3_008,대합실→승강장
2호선,을지로4가(5),을지로3_008,을지로3_002,대합실→승강장
2호선,을지로4가(5),을지로3_002,을지로3_009,대합실→승강장
2호선,을지로4가(5),을지로3_009,을지로3_002,대합실→승강장
2호선,을지로4가(5),을지로3_003,을지로3_008,대합실→승강장
2호선,을지로4가(5),을지로3_008,을지로3_003,대합실→승강장
2호선,을지로4가(5),을지로3_003,을지로3_009,대합실→승강장
2호선,을지로4가(5),을지로3_009,을지로3_003,대합실→승강장
2호선,을지로4가(5),을지로3_004,을지로3_008,대합실→승강장
2호선,을지로4가(5),을지로3_008,을지로3_004,대합실→승강장
2호선,을지로4가(5),을지로3_004,을지로3_009,대합실→승강장
2호선,을지로4가(5),을지로3_009,을지로3_004,대합실→승강장
2호선,을지로4가(5),을지로3_005,을지로3_008,대합실→승강장
2호선,을지로4가(5),을지로3_008,을지로3_005,대합실→승강장
2호선,을지로4가(5),을지로3_005,을지로3_009,대합실→승강장
2호선,을지로4가(5),을지로3_009,을지로3_005,대합실→승강장
2호선,을지로4가(5),을지로3_010,을지로3_002,출구→대합실
2호선,을지로4가(5),을지로3_002,을지로3_010,출구→대합실
2호선,을지로4가(5),을지로3_011,을지로3_001,출구→대합실
2호선,을지로4가(5),을지로3_001,을지로3_011,출구→대합실
2호선,을지로4가(5),을지로3_007,을지로3_003,환승통로
2호선,을지로4가(5),을지로3_003,을지로3_007,환승통로
2호선,"동대문역사문화공원(4,5)",동대문_001,동대문_007,대합실→승강장
2호선,"동대문역사문화공원(4,5)",동대문_007,동대문_001,대합실→승강장
2호선,"동대문역사문화공원(4,5)",동대문_001,동대문_008,대합실→승강장
2호선,"동대문역사문화공원(4,5)",동대문_008,동대문_001,대합실→승강장
2호선,"동대문역사문화공원(4,5)",동대문_002,동대문_009,대합실→승강장
2호선,"동대문역사문화공원(4,5)",동대문_009,동대문_002,대합실→승강장
2호선,"동대문역사문화공원(4,5)",동대문_002,동대문_010,대합실→승강장
2호선,"동대문역사문화공원(4,5)",동대문_010,동대문_002,대합실→승강장
2호선,"동대문역사문화공원(4,5)",동대문_003,동대문_009,대합실→승강장
2호선,"동대문역사문화공원(4,5)",동대문_009,동대문_003,대합실→승강장
2호선,"동대문역사문화공원(4,5)",동대문_003,동대문_010,대합실→승강장
2호선,"동대문역사문화공원(4,5)",동대문_010,동대문_003,대합실→승강장
2호선,"동대문역사문화공원(4,5)",동대문_004,동대문_011,대합실→승강장
2호선,"동대문역사문화공원(4,5)",동대문_011,동대문_004,대합실→승강장
2호선,"동대문역사문화공원(4,5)",동대문_004,동대문_012,대합실→승강장
2호선,"동대문역사문화공원(4,5)",동대문_012,동대문_004,대합실→승강장
2호선,"동대문역사문화공원(4,5)",동대문_005,동대문_011,대합실→승강장
2호선,"동대문역사문화공원(4,5)",동대문_011,동대문_005,대합실→승강장
2호선,"동대문역사문화공원(4,5)",동대문_005,동대문_012,대합실→승강장
2호선,"동대문역사문화공원(4,5)",동대문_012,동대문_005,대합실→승강장
2호선,"동대문역사문화공원(4,5)",동대문_006,동대문_011,대합실→승강장
2호선,"동대문역사문화공원(4,5)",동대문_011,동대문_006,대합실→승강장
2호선,"동대문역사문화공원(4,5)",동대문_006,동대문_012,대합실→승강장
2호선,"동대문역사문화공원(4,5)",동대문_012,동대문_006,대합실→승강장
2호선,"동대문역사문화공원(4,5)",동대문_013,동대문_001,출구→대합실
2호선,"동대문역사문화공원(4,5)",동대문_001,동대문_013,출구→대합실
2호선,"동대문역사문화공원(4,5)",동대문_014,동대문_002,출구→대합실
2호선,"동대문역사문화공원(4,5)",동대문_002,동대문_014,출구→대합실
2호선,"동대문역사문화공원(4,5)",동대문_015,동대문_004,출구→대합실
2호선,"동대문역사문화공원(4,5)",동대문_004,동대문_015,출구→대합실
2호선,"동대문역사문화공원(4,5)",동대문_001,동대문_002,환승통로
2호선,"동대문역사문화공원(4,5)",동대문_002,동대문_001,환승통로
2호선,"동대문역사문화공원(4,5)",동대문_011,동대문_009,환승통로
2호선,"동대문역사문화공원(4,5)",동대문_009,동대문_011,환승통로
2호선,신당(6),신당_001,신당_004,대합실→승강장
2호선,신당(6),신당_004,신당_001,대합실→승강장
2호선,신당(6),신당_001,신당_005,대합실→승강장
2호선,신당(6),신당_005,신당_001,대합실→승강장
2호선,신당(6),신당_002,신당_006,대합실→승강장
2호선,신당(6),신당_006,신당_002,대합실→승강장
2호선,신당(6),신당_002,신당_007,대합실→승강장
2호선,신당(6),신당_007,신당_002,대합실→승강장
2호선,신당(6),신당_003,신당_006,대합실→승강장
2호선,신당(6),신당_006,신당_003,대합실→승강장
2호선,신당(6),신당_003,신당_007,대합실→승강장
2호선,신당(6),신당_007,신당_003,대합실→승강장
2호선,신당(6),신당_008,신당_001,출구→대합실
2호선,신당(6),신당_001,신당_008,출구→대합실
2호선,신당(6),신당_009,신당_002,출구→대합실
2호선,신당(6),신당_002,신당_009,출구→대합실
2호선,신당(6),신당_003,신당_001,환승통로
2호선,신당(6),신당_001,신당_003,환승통로
2호선,상왕십리,상왕십_001,상왕십_002,대합실→승강장
2호선,상왕십리,상왕십_002,상왕십_001,대합실→승강장
2호선,상왕십리,상왕십_001,상왕십_003,대합실→승강장
2호선,상왕십리,상왕십_003,상왕십_001,대합실→승강장
2호선,상왕십리,상왕십_004,상왕십_001,출구→대합실
2호선,상왕십리,상왕십_001,상왕십_004,출구→대합실
2호선,"왕십리(5,경의중앙,수인분당)",왕십리_001,왕십리_008,대합실→승강장
2호선,"왕십리(5,경의중앙,수인분당)",왕십리_008,왕십리_001,대합실→승강장
2호선,"왕십리(5,경의중앙,수인분당)",왕십리_001,왕십리_009,대합실→승강장
2호선,"왕십리(5,경의중앙,수인분당)",왕십리_009,왕십리_001,대합실→승강장
2호선,"왕십리(5,경의중앙,수인분당)",왕십리_002,왕십리_010,대합실→승강장
2호선,"왕십리(5,경의중앙,수인분당)",왕십리_010,왕십리_002,대합실→승강장
2호선,"왕십리(5,경의중앙,수인분당)",왕십리_002,왕십리_011,대합실→승강장
2호선,"왕십리(5,경의중앙,수인분당)",왕십리_011,왕십리_002,대합실→승강장
2호선,"왕십리(5,경의중앙,수인분당)",왕십리_003,왕십리_010,대합실→승강장
2호선,"왕십리(5,경의중앙,수인분당)",왕십리_010,왕십리_003,대합실→승강장
2호선,"왕십리(5,경의중앙,수인분당)",왕십리_003,왕십리_011,대합실→승강장
2호선,"왕십리(5,경의중앙,수인분당)",왕십리_011,왕십리_003,대합실→승강장
2호선,"왕십리(5,경의중앙,수인분당)",왕십리_004,왕십리_012,대합실→승강장
2호선,"왕십리(5,경의중앙,수인분당)",왕십리_012,왕십리_004,대합실→승강장
2호선,"왕십리(5,경의중앙,수인분당)",왕십리_004,왕십리_013,대합실→승강장
2호선,"왕십리(5,경의중앙,수인분당)",왕십리_013,왕십리_004,대합실→승강장
2호선,"왕십리(5,경의중앙,수인분당)",왕십리_005,왕십리_012,대합실→승강장
2호선,"왕십리(5,경의중앙,수인분당)",왕십리_012,왕십리_005,대합실→승강장
2호선,"왕십리(5,경의중앙,수인분당)",왕십리_005,왕십리_013,대합실→승강장
2호선,"왕십리(5,경의중앙,수인분당)",왕십리_013,왕십리_005,대합실→승강장
2호선,"왕십리(5,경의중앙,수인분당)",왕십리_006,왕십리_014,대합실→승강장
2호선,"왕십리(5,경의중앙,수인분당)",왕십리_014,왕십리_006,대합실→승강장
2호선,"왕십리(5,경의중앙,수인분당)",왕십리_006,왕십리_015,대합실→승강장
2호선,"왕십리(5,경의중앙,수인분당)",왕십리_015,왕십리_006,대합실→승강장
2호선,"왕십리(5,경의중앙,수인분당)",왕십리_007,왕십리_014,대합실→승강장
2호선,"왕십리(5,경의중앙,수인분당)",왕십리_014,왕십리_007,대합실→승강장
2호선,"왕십리(5,경의중앙,수인분당)",왕십리_007,왕십리_015,대합실→승강장
2호선,"왕십리(5,경의중앙,수인분당)",왕십리_015,왕십리_007,대합실→승강장
2호선,"왕십리(5,경의중앙,수인분당)",왕십리_016,왕십리_001,출구→대합실
2호선,"왕십리(5,경의중앙,수인분당)",왕십리_001,왕십리_016,출구→대합실
2호선,"왕십리(5,경의중앙,수인분당)",왕십리_017,왕십리_004,출구→대합실
2호선,"왕십리(5,경의중앙,수인분당)",왕십리_004,왕십리_017,출구→대합실
2호선,"왕십리(5,경의중앙,수인분당)",왕십리_009,왕십리_003,환승통로
2호선,"왕십리(5,경의중앙,수인분당)",왕십리_003,왕십리_009,환승통로
2호선,"왕십리(5,경의중앙,수인분당)",왕십리_001,왕십리_012,환승통로
2호선,"왕십리(5,경의중앙,수인분당)",왕십리_012,왕십리_001,환승통로
2호선,"왕십리(5,경의중앙,수인분당)",왕십리_001,왕십리_013,환승통로
2호선,"왕십리(5,경의중앙,수인분당)",왕십리_013,왕십리_001,환승통로
2호선,"왕십리(5,경의중앙,수인분당)",왕십리_001,왕십리_014,환승통로
2호선,"왕십리(5,경의중앙,수인분당)",왕십리_014,왕십리_001,환승통로
2호선,"왕십리(5,경의중앙,수인분당)",왕십리_001,왕십리_015,환승통로
2호선,"왕십리(5,경의중앙,수인분당)",왕십리_015,왕십리_001,환승통로
2호선,한양대,한양대_001,한양대_002,대합실→승강장
2호선,한양대,한양대_002,한양대_001,대합실→승강장
2호선,한양대,한양대_001,한양대_003,대합실→승강장
2호선,한양대,한양대_003,한양대_001,대합실→승강장
2호선,한양대,한양대_004,한양대_001,출구→대합실
2호선,한양대,한양대_001,한양대_004,출구→대합실
2호선,한양대,한양대_005,한양대_001,출구→대합실
2호선,한양대,한양대_001,한양대_005,출구→대합실
2호선,뚝섬,뚝섬_001,뚝섬_002,대합실→승강장
2호선,뚝섬,뚝섬_002,뚝섬_001,대합실→승강장
2호선,뚝섬,뚝섬_001,뚝섬_003,대합실→승강장
2호선,뚝섬,뚝섬_003,뚝섬_001,대합실→승강장
2호선,뚝섬,뚝섬_004,뚝섬_001,출구→대합실
2호선,뚝섬,뚝섬_001,뚝섬_004,출구→대합실
2호선,성수,성수-_001,성수-_002,대합실→승강장
2호선,성수,성수-_002,성수-_001,대합실→승강장
2호선,성수,성수-_001,성수-_003,대합실→승강장
2호선,성수,성수-_003,성수-_001,대합실→승강장
2호선,성수,성수-_001,성수-_004,대합실→승강장
2호선,성수,성수-_004,성수-_001,대합실→승강장
2호선,성수,성수-_005,성수-_001,출구→대합실
2호선,성수,성수-_001,성수-_005,출구→대합실
2호선,건대입구(7),건대입_001,건대입_003,대합실→승강장
2호선,건대입구(7),건대입_003,건대입_001,대합실→승강장
2호선,건대입구(7),건대입_001,건대입_004,대합실→승강장
2호선,건대입구(7),건대입_004,건대입_001,대합실→승강장
2호선,건대입구(7),건대입_002,건대입_005,대합실→승강장
2호선,건대입구(7),건대입_005,건대입_002,대합실→승강장
2호선,건대입구(7),건대입_002,건대입_006,대합실→승강장
2호선,건대입구(7),건대입_006,건대입_002,대합실→승강장
2호선,건대입구(7),건대입_007,건대입_001,출구→대합실
2호선,건대입구(7),건대입_001,건대입_007,출구→대합실
2호선,건대입구(7),건대입_008,건대입_002,출구→대합실
2호선,건대입구(7),건대입_002,건대입_008,출구→대합실
2호선,건대입구(7),건대입_005,건대입_001,환승통로
2호선,건대입구(7),건대입_001,건대입_005,환승통로
2호선,구의,구의_001,구의_002,대합실→승강장
2호선,구의,구의_002,구의_001,대합실→승강장
2호선,구의,구의_001,구의_003,대합실→승강장
2호선,구의,구의_003,구의_001,대합실→승강장
2호선,구의,구의_004,구의_001,출구→대합실
2호선,구의,구의_001,구의_004,출구→대합실
2호선,강변,강변_001,강변_002,대합실→승강장
2호선,강변,강변_002,강변_001,대합실→승강장
2호선,강변,강변_001,강변_003,대합실→승강장
2호선,강변,강변_003,강변_001,대합실→승강장
2호선,강변,강변_004,강변_001,출구→대합실
2호선,강변,강변_001,강변_004,출구→대합실
2호선,잠실나루,잠실나_001,잠실나_002,대합실→승강장
2호선,잠실나루,잠실나_002,잠실나_001,대합실→승강장
2호선,잠실나루,잠실나_001,잠실나_003,대합실→승강장
2호선,잠실나루,잠실나_003,잠실나_001,대합실→승강장
2호선,잠실나루,잠실나_004,잠실나_001,출구→대합실
2호선,잠실나루,잠실나_001,잠실나_004,출구→대합실
2호선,잠실(8),잠실_001,잠실_003,대합실→승강장
2호선,잠실(8),잠실_003,잠실_001,대합실→승강장
2호선,잠실(8),잠실_001,잠실_004,대합실→승강장
2호선,잠실(8),잠실_004,잠실_001,대합실→승강장
2호선,잠실(8),잠실_002,잠실_005,대합실→승강장
2호선,잠실(8),잠실_005,잠실_002,대합실→승강장
2호선,잠실(8),잠실_002,잠실_006,대합실→승강장
2호선,잠실(8),잠실_006,잠실_002,대합실→승강장
2호선,잠실(8),잠실_007,잠실_001,출구→대합실
2호선,잠실(8),잠실_001,잠실_007,출구→대합실
2호선,잠실(8),잠실_008,잠실_002,출구→대합실
2호선,잠실(8),잠실_002,잠실_008,출구→대합실
2호선,잠실(8),잠실_005,잠실_003,환승통로
2호선,잠실(8),잠실_003,잠실_005,환승통로
2호선,잠실새내,잠실새_001,잠실새_002,대합실→승강장
2호선,잠실새내,잠실새_002,잠실새_001,대합실→승강장
2호선,잠실새내,잠실새_001,잠실새_003,대합실→승강장
2호선,잠실새내,잠실새_003,잠실새_001,대합실→승강장
2호선,잠실새내,잠실새_004,잠실새_001,출구→대합실
2호선,잠실새내,잠실새_001,잠실새_004,출구→대합실
2호선,종합운동장(9),종합운_001,종합운_004,대합실→승강장
2호선,종합운동장(9),종합운_004,종합운_001,대합실→승강장
2호선,종합운동장(9),종합운_001,종합운_005,대합실→승강장
2호선,종합운동장(9),종합운_005,종합운_001,대합실→승강장
2호선,종합운동장(9),종합운_002,종합운_006,대합실→승강장
2호선,종합운동장(9),종합운_006,종합운_002,대합실→승강장
2호선,종합운동장(9),종합운_002,종합운_007,대합실→승강장
2호선,종합운동장(9),종합운_007,종합운_002,대합실→승강장
2호선,종합운동장(9),종합운_003,종합운_006,대합실→승강장
2호선,종합운동장(9),종합운_006,종합운_003,대합실→승강장
2호선,종합운동장(9),종합운_003,종합운_007,대합실→승강장
2호선,종합운동장(9),종합운_007,종합운_003,대합실→승강장
2호선,종합운동장(9),종합운_008,종합운_001,출구→대합실
2호선,종합운동장(9),종합운_001,종합운_008,출구→대합실
2호선,종합운동장(9),종합운_009,종합운_002,출구→대합실
2호선,종합운동장(9),종합운_002,종합운_009,출구→대합실
2호선,종합운동장(9),종합운_003,종합운_001,환승통로
2호선,종합운동장(9),종합운_001,종합운_003,환승통로
2호선,삼성,삼성_001,삼성_002,대합실→승강장
2호선,삼성,삼성_002,삼성_001,대합실→승강장
2호선,삼성,삼성_001,삼성_003,대합실→승강장
2호선,삼성,삼성_003,삼성_001,대합실→승강장
2호선,삼성,삼성_004,삼성_001,출구→대합실
2호선,삼성,삼성_001,삼성_004,출구→대합실
2호선,선릉(분당),선릉_001,선릉_004,대합실→승강장
2호선,선릉(분당),선릉_004,선릉_001,대합실→승강장
2호선,선릉(분당),선릉_001,선릉_005,대합실→승강장
2호선,선릉(분당),선릉_005,선릉_001,대합실→승강장
2호선,선릉(분당),선릉_002,선릉_006,대합실→승강장
2호선,선릉(분당),선릉_006,선릉_002,대합실→승강장
2호선,선릉(분당),선릉_002,선릉_007,대합실→승강장
2호선,선릉(분당),선릉_007,선릉_002,대합실→승강장
2호선,선릉(분당),선릉_003,선릉_006,대합실→승강장
2호선,선릉(분당),선릉_006,선릉_003,대합실→승강장
2호선,선릉(분당),선릉_003,선릉_007,대합실→승강장
2호선,선릉(분당),선릉_007,선릉_003,대합실→승강장
2호선,선릉(분당),선릉_008,선릉_001,출구→대합실
2호선,선릉(분당),선릉_001,선릉_008,출구→대합실
2호선,선릉(분당),선릉_009,선릉_002,출구→대합실
2호선,선릉(분당),선릉_002,선릉_009,출구→대합실
2호선,선릉(분당),선릉_005,선릉_003,환승통로
2호선,선릉(분당),선릉_003,선릉_005,환승통로
2호선,역삼,역삼_001,역삼_003,대합실→승강장
2호선,역삼,역삼_003,역삼_001,대합실→승강장
2호선,역삼,역삼_001,역삼_004,대합실→승강장
2호선,역삼,역삼_004,역삼_001,대합실→승강장
2호선,역삼,역삼_002,역삼_003,대합실→승강장
2호선,역삼,역삼_003,역삼_002,대합실→승강장
2호선,역삼,역삼_002,역삼_004,대합실→승강장
2호선,역삼,역삼_004,역삼_002,대합실→승강장
2호선,역삼,역삼_005,역삼_001,출구→대합실
2호선,역삼,역삼_001,역삼_005,출구→대합실
2호선,역삼,역삼_006,역삼_002,출구→대합실
2호선,역삼,역삼_002,역삼_006,출구→대합실
2호선,강남(신분당),강남_001,강남_004,대합실→승강장
2호선,강남(신분당),강남_004,강남_001,대합실→승강장
2호선,강남(신분당),강남_001,강남_005,대합실→승강장
2호선,강남(신분당),강남_005,강남_001,대합실→승강장
2호선,강남(신분당),강남_002,강남_006,대합실→승강장
2호선,강남(신분당),강남_006,강남_002,대합실→승강장
2호선,강남(신분당),강남_002,강남_007,대합실→승강장
2호선,강남(신분당),강남_007,강남_002,대합실→승강장
2호선,강남(신분당),강남_003,강남_006,대합실→승강장
2호선,강남(신분당),강남_006,강남_003,대합실→승강장
2호선,강남(신분당),강남_003,강남_007,대합실→승강장
2호선,강남(신분당),강남_007,강남_003,대합실→승강장
2호선,강남(신분당),강남_008,강남_001,출구→대합실
2호선,강남(신분당),강남_001,강남_008,출구→대합실
2호선,강남(신분당),강남_009,강남_002,출구→대합실
2호선,강남(신분당),강남_002,강남_009,출구→대합실
2호선,강남(신분당),강남_005,강남_003,환승통로
2호선,강남(신분당),강남_003,강남_005,환승통로
2호선,교대(3),교대_001,교대_004,대합실→승강장
2호선,교대(3),교대_004,교대_001,대합실→승강장
2호선,교대(3),교대_001,교대_005,대합실→승강장
2호선,교대(3),교대_005,교대_001,대합실→승강장
2호선,교대(3),교대_002,교대_006,대합실→승강장
2호선,교대(3),교대_006,교대_002,대합실→승강장
2호선,교대(3),교대_002,교대_007,대합실→승강장
2호선,교대(3),교대_007,교대_002,대합실→승강장
2호선,교대(3),교대_003,교대_006,대합실→승강장
2호선,교대(3),교대_006,교대_003,대합실→승강장
2호선,교대(3),교대_003,교대_007,대합실→승강장
2호선,교대(3),교대_007,교대_003,대합실→승강장
2호선,교대(3),교대_008,교대_001,출구→대합실
2호선,교대(3),교대_001,교대_008,출구→대합실
2호선,교대(3),교대_009,교대_002,출구→대합실
2호선,교대(3),교대_002,교대_009,출구→대합실
2호선,교대(3),교대_005,교대_003,환승통로
2호선,교대(3),교대_003,교대_005,환승통로
2호선,교대(3),교대_004,교대_006,환승통로
2호선,교대(3),교대_006,교대_004,환승통로
2호선,서초,서초_001,서초_002,대합실→승강장
2호선,서초,서초_002,서초_001,대합실→승강장
2호선,서초,서초_001,서초_003,대합실→승강장
2호선,서초,서초_003,서초_001,대합실→승강장
2호선,서초,서초_004,서초_001,출구→대합실
2호선,서초,서초_001,서초_004,출구→대합실
2호선,방배,방배_001,방배_002,대합실→승강장
2호선,방배,방배_002,방배_001,대합실→승강장
2호선,방배,방배_001,방배_003,대합실→승강장
2호선,방배,방배_003,방배_001,대합실→승강장
2호선,방배,방배_004,방배_001,출구→대합실
2호선,방배,방배_001,방배_004,출구→대합실
2호선,사당(4),사당_001,사당_004,대합실→승강장
2호선,사당(4),사당_004,사당_001,대합실→승강장
2호선,사당(4),사당_001,사당_005,대합실→승강장
2호선,사당(4),사당_005,사당_001,대합실→승강장
2호선,사당(4),사당_002,사당_006,대합실→승강장
2호선,사당(4),사당_006,사당_002,대합실→승강장
2호선,사당(4),사당_002,사당_007,대합실→승강장
2호선,사당(4),사당_007,사당_002,대합실→승강장
2호선,사당(4),사당_003,사당_006,대합실→승강장
2호선,사당(4),사당_006,사당_003,대합실→승강장
2호선,사당(4),사당_003,사당_007,대합실→승강장
2호선,사당(4),사당_007,사당_003,대합실→승강장
2호선,사당(4),사당_008,사당_001,출구→대합실
2호선,사당(4),사당_001,사당_008,출구→대합실
2호선,사당(4),사당_009,사당_002,출구→대합실
2호선,사당(4),사당_002,사당_009,출구→대합실
2호선,사당(4),사당_005,사당_006,환승통로
2호선,사당(4),사당_006,사당_005,환승통로
2호선,낙성대,낙성대_001,낙성대_002,대합실→승강장
2호선,낙성대,낙성대_002,낙성대_001,대합실→승강장
2호선,낙성대,낙성대_001,낙성대_003,대합실→승강장
2호선,낙성대,낙성대_003,낙성대_001,대합실→승강장
2호선,낙성대,낙성대_004,낙성대_001,출구→대합실
2호선,낙성대,낙성대_001,낙성대_004,출구→대합실
2호선,서울대입구,서울대_001,서울대_002,대합실→승강장
2호선,서울대입구,서울대_002,서울대_001,대합실→승강장
2호선,서울대입구,서울대_001,서울대_003,대합실→승강장
2호선,서울대입구,서울대_003,서울대_001,대합실→승강장
2호선,서울대입구,서울대_004,서울대_001,출구→대합실
2호선,서울대입구,서울대_001,서울대_004,출구→대합실
2호선,봉천,봉천_001,봉천_002,대합실→승강장
2호선,봉천,봉천_002,봉천_001,대합실→승강장
2호선,봉천,봉천_001,봉천_003,대합실→승강장
2호선,봉천,봉천_003,봉천_001,대합실→승강장
2호선,봉천,봉천_004,봉천_001,출구→대합실
2호선,봉천,봉천_001,봉천_004,출구→대합실
2호선,신림(신림),신림_001,신림_003,대합실→승강장
2호선,신림(신림),신림_003,신림_001,대합실→승강장
2호선,신림(신림),신림_001,신림_004,대합실→승강장
2호선,신림(신림),신림_004,신림_001,대합실→승강장
2호선,신림(신림),신림_002,신림_005,대합실→승강장
2호선,신림(신림),신림_005,신림_002,대합실→승강장
2호선,신림(신림),신림_002,신림_006,대합실→승강장
2호선,신림(신림),신림_006,신림_002,대합실→승강장
2호선,신림(신림),신림_007,신림_001,출구→대합실
2호선,신림(신림),신림_001,신림_007,출구→대합실
2호선,신림(신림),신림_007,신림_002,출구→대합실
2호선,신림(신림),신림_002,신림_007,대합실→출구
2호선,신림(신림),신림_001,신림_002,환승통로
2호선,신림(신림),신림_002,신림_001,환승통로
2호선,신대방,신대방_001,신대방_002,대합실→승강장
2호선,신대방,신대방_002,신대방_001,대합실→승강장
2호선,신대방,신대방_001,신대방_003,대합실→승강장
2호선,신대방,신대방_003,신대방_001,대합실→승강장
2호선,신대방,신대방_004,신대방_001,출구→대합실
2호선,신대방,신대방_001,신대방_004,출구→대합실
2호선,구로디지털단지,구로디_001,구로디_002,대합실→승강장
2호선,구로디지털단지,구로디_002,구로디_001,대합실→승강장
2호선,구로디지털단지,구로디_001,구로디_003,대합실→승강장
2호선,구로디지털단지,구로디_003,구로디_001,대합실→승강장
2호선,구로디지털단지,구로디_004,구로디_001,출구→대합실
2호선,구로디지털단지,구로디_001,구로디_004,출구→대합실
2호선,대림(7),대림_001,대림_003,대합실→승강장
2호선,대림(7),대림_003,대림_001,대합실→승강장
2호선,대림(7),대림_001,대림_004,대합실→승강장
2호선,대림(7),대림_004,대림_001,대합실→승강장
2호선,대림(7),대림_002,대림_005,대합실→승강장
2호선,대림(7),대림_005,대림_002,대합실→승강장
2호선,대림(7),대림_002,대림_006,대합실→승강장
2호선,대림(7),대림_006,대림_002,대합실→승강장
2호선,대림(7),대림_007,대림_001,출구→대합실
2호선,대림(7),대림_001,대림_007,출구→대합실
2호선,대림(7),대림_008,대림_002,출구→대합실
2호선,대림(7),대림_002,대림_008,출구→대합실
2호선,대림(7),대림_001,대림_002,환승통로
2호선,대림(7),대림_002,대림_001,환승통로
2호선,신도림(1),신도림_001,신도림_004,대합실→승강장
2호선,신도림(1),신도림_004,신도림_001,대합실→승강장
2호선,신도림(1),신도림_001,신도림_005,대합실→승강장
2호선,신도림(1),신도림_005,신도림_001,대합실→승강장
2호선,신도림(1),신도림_001,신도림_006,대합실→승강장
2호선,신도림(1),신도림_006,신도림_001,대합실→승강장
2호선,신도림(1),신도림_002,신도림_007,대합실→승강장
2호선,신도림(1),신도림_007,신도림_002,대합실→승강장
2호선,신도림(1),신도림_002,신도림_008,대합실→승강장
2호선,신도림(1),신도림_008,신도림_002,대합실→승강장
2호선,신도림(1),신도림_003,신도림_007,대합실→승강장
2호선,신도림(1),신도림_007,신도림_003,대합실→승강장
2호선,신도림(1),신도림_003,신도림_008,대합실→승강장
2호선,신도림(1),신도림_008,신도림_003,대합실→승강장
2호선,신도림(1),신도림_009,신도림_001,출구→대합실
2호선,신도림(1),신도림_001,신도림_009,출구→대합실
2호선,신도림(1),신도림_010,신도림_002,출구→대합실
2호선,신도림(1),신도림_002,신도림_010,출구→대합실
2호선,신도림(1),신도림_001,신도림_007,환승통로
2호선,신도림(1),신도림_007,신도림_001,환승통로
2호선,문래,문래_001,문래_002,대합실→승강장
2호선,문래,문래_002,문래_001,대합실→승강장
2호선,문래,문래_001,문래_003,대합실→승강장
2호선,문래,문래_003,문래_001,대합실→승강장
2호선,문래,문래_004,문래_001,출구→대합실
2호선,문래,문래_001,문래_004,출구→대합실
2호선,영등포구청(5),영등포_001,영등포_006,대합실→승강장
2호선,영등포구청(5),영등포_006,영등포_001,대합실→승강장
2호선,영등포구청(5),영등포_001,영등포_007,대합실→승강장
2호선,영등포구청(5),영등포_007,영등포_001,대합실→승강장
2호선,영등포구청(5),영등포_002,영등포_008,대합실→승강장
2호선,영등포구청(5),영등포_008,영등포_002,대합실→승강장
2호선,영등포구청(5),영등포_002,영등포_009,대합실→승강장
2호선,영등포구청(5),영등포_009,영등포_002,대합실→승강장
2호선,영등포구청(5),영등포_003,영등포_008,대합실→승강장
2호선,영등포구청(5),영등포_008,영등포_003,대합실→승강장
2호선,영등포구청(5),영등포_003,영등포_009,대합실→승강장
2호선,영등포구청(5),영등포_009,영등포_003,대합실→승강장
2호선,영등포구청(5),영등포_004,영등포_008,대합실→승강장
2호선,영등포구청(5),영등포_008,영등포_004,대합실→승강장
2호선,영등포구청(5),영등포_004,영등포_009,대합실→승강장
2호선,영등포구청(5),영등포_009,영등포_004,대합실→승강장
2호선,영등포구청(5),영등포_005,영등포_008,대합실→승강장
2호선,영등포구청(5),영등포_008,영등포_005,대합실→승강장
2호선,영등포구청(5),영등포_005,영등포_009,대합실→승강장
2호선,영등포구청(5),영등포_009,영등포_005,대합실→승강장
2호선,영등포구청(5),영등포_010,영등포_001,출구→대합실
2호선,영등포구청(5),영등포_001,영등포_010,출구→대합실
2호선,영등포구청(5),영등포_011,영등포_002,출구→대합실
2호선,영등포구청(5),영등포_002,영등포_011,출구→대합실
2호선,영등포구청(5),영등포_007,영등포_005,환승통로
2호선,영등포구청(5),영등포_005,영등포_007,환승통로
2호선,당산(9),당산_001,당산_004,대합실→승강장
2호선,당산(9),당산_004,당산_001,대합실→승강장
2호선,당산(9),당산_001,당산_005,대합실→승강장
2호선,당산(9),당산_005,당산_001,대합실→승강장
2호선,당산(9),당산_002,당산_006,대합실→승강장
2호선,당산(9),당산_006,당산_002,대합실→승강장
2호선,당산(9),당산_002,당산_007,대합실→승강장
2호선,당산(9),당산_007,당산_002,대합실→승강장
2호선,당산(9),당산_003,당산_006,대합실→승강장
2호선,당산(9),당산_006,당산_003,대합실→승강장
2호선,당산(9),당산_003,당산_007,대합실→승강장
2호선,당산(9),당산_007,당산_003,대합실→승강장
2호선,당산(9),당산_008,당산_001,출구→대합실
2호선,당산(9),당산_001,당산_008,출구→대합실
2호선,당산(9),당산_009,당산_002,출구→대합실
2호선,당산(9),당산_002,당산_009,출구→대합실
2호선,당산(9),당산_010,당산_003,출구→대합실
2호선,당산(9),당산_003,당산_010,출구→대합실
2호선,당산(9),당산_005,당산_003,환승통로
2호선,당산(9),당산_003,당산_005,환승통로
2호선,당산(9),당산_001,당산_003,환승통로
2호선,당산(9),당산_003,당산_001,환승통로
2호선,합정(6),합정_001,합정_004,대합실→승강장
2호선,합정(6),합정_004,합정_001,대합실→승강장
2호선,합정(6),합정_001,합정_005,대합실→승강장
2호선,합정(6),합정_005,합정_001,대합실→승강장
2호선,합정(6),합정_002,합정_006,대합실→승강장
2호선,합정(6),합정_006,합정_002,대합실→승강장
2호선,합정(6),합정_002,합정_007,대합실→승강장
2호선,합정(6),합정_007,합정_002,대합실→승강장
2호선,합정(6),합정_003,합정_006,대합실→승강장
2호선,합정(6),합정_006,합정_003,대합실→승강장
2호선,합정(6),합정_003,합정_007,대합실→승강장
2호선,합정(6),합정_007,합정_003,대합실→승강장
2호선,합정(6),합정_008,합정_001,출구→대합실
2호선,합정(6),합정_001,합정_008,출구→대합실
2호선,합정(6),합정_009,합정_002,출구→대합실
2호선,합정(6),합정_002,합정_009,출구→대합실
2호선,합정(6),합정_004,합정_003,환승통로
2호선,합정(6),합정_003,합정_004,환승통로
2호선,"홍대입구(경의중앙,공항철도)",홍대입_001,홍대입_004,대합실→승강장
2호선,"홍대입구(경의중앙,공항철도)",홍대입_004,홍대입_001,대합실→승강장
2호선,"홍대입구(경의중앙,공항철도)",홍대입_001,홍대입_005,대합실→승강장
2호선,"홍대입구(경의중앙,공항철도)",홍대입_005,홍대입_001,대합실→승강장
2호선,"홍대입구(경의중앙,공항철도)",홍대입_002,홍대입_006,대합실→승강장
2호선,"홍대입구(경의중앙,공항철도)",홍대입_006,홍대입_002,대합실→승강장
2호선,"홍대입구(경의중앙,공항철도)",홍대입_002,홍대입_007,대합실→승강장
2호선,"홍대입구(경의중앙,공항철도)",홍대입_007,홍대입_002,대합실→승강장
2호선,"홍대입구(경의중앙,공항철도)",홍대입_003,홍대입_008,대합실→승강장
2호선,"홍대입구(경의중앙,공항철도)",홍대입_008,홍대입_003,대합실→승강장
2호선,"홍대입구(경의중앙,공항철도)",홍대입_003,홍대입_009,대합실→승강장
2호선,"홍대입구(경의중앙,공항철도)",홍대입_009,홍대입_003,대합실→승강장
2호선,"홍대입구(경의중앙,공항철도)",홍대입_010,홍대입_001,출구→대합실
2호선,"홍대입구(경의중앙,공항철도)",홍대입_001,홍대입_010,출구→대합실
2호선,"홍대입구(경의중앙,공항철도)",홍대입_011,홍대입_003,출구→대합실
2호선,"홍대입구(경의중앙,공항철도)",홍대입_003,홍대입_011,출구→대합실
2호선,"홍대입구(경의중앙,공항철도)",홍대입_012,홍대입_002,출구→대합실
2호선,"홍대입구(경의중앙,공항철도)",홍대입_002,홍대입_012,출구→대합실
2호선,"홍대입구(경의중앙,공항철도)",홍대입_001,홍대입_003,환승통로
2호선,"홍대입구(경의중앙,공항철도)",홍대입_003,홍대입_001,환승통로
2호선,"홍대입구(경의중앙,공항철도)",홍대입_003,홍대입_002,환승통로
2호선,"홍대입구(경의중앙,공항철도)",홍대입_002,홍대입_003,환승통로
2호선,신촌,신촌_001,신촌_002,대합실→승강장
2호선,신촌,신촌_002,신촌_001,대합실→승강장
2호선,신촌,신촌_001,신촌_003,대합실→승강장
2호선,신촌,신촌_003,신촌_001,대합실→승강장
2호선,신촌,신촌_004,신촌_001,출구→대합실
2호선,신촌,신촌_001,신촌_004,출구→대합실
2호선,이대,이대_001,이대_002,대합실→승강장
2호선,이대,이대_002,이대_001,대합실→승강장
2호선,이대,이대_001,이대_003,대합실→승강장
2호선,이대,이대_003,이대_001,대합실→승강장
2호선,이대,이대_004,이대_001,출구→대합실
2호선,이대,이대_001,이대_004,출구→대합실
2호선,아현,아현_001,아현_002,대합실→승강장
2호선,아현,아현_002,아현_001,대합실→승강장
2호선,아현,아현_001,아현_003,대합실→승강장
2호선,아현,아현_003,아현_001,대합실→승강장
2호선,아현,아현_004,아현_001,출구→대합실
2호선,아현,아현_001,아현_004,출구→대합실
2호선,충정로(5),충정로_001,충정로_006,대합실→승강장
2호선,충정로(5),충정로_006,충정로_001,대합실→승강장
2호선,충정로(5),충정로_001,충정로_007,대합실→승강장
2호선,충정로(5),충정로_007,충정로_001,대합실→승강장
2호선,충정로(5),충정로_002,충정로_006,대합실→승강장
2호선,충정로(5),충정로_006,충정로_002,대합실→승강장
2호선,충정로(5),충정로_002,충정로_007,대합실→승강장
2호선,충정로(5),충정로_007,충정로_002,대합실→승강장
2호선,충정로(5),충정로_003,충정로_008,대합실→승강장
2호선,충정로(5),충정로_008,충정로_003,대합실→승강장
2호선,충정로(5),충정로_003,충정로_009,대합실→승강장
2호선,충정로(5),충정로_009,충정로_003,대합실→승강장
2호선,충정로(5),충정로_004,충정로_008,대합실→승강장
2호선,충정로(5),충정로_008,충정로_004,대합실→승강장
2호선,충정로(5),충정로_004,충정로_009,대합실→승강장
2호선,충정로(5),충정로_009,충정로_004,대합실→승강장
2호선,충정로(5),충정로_005,충정로_008,대합실→승강장
2호선,충정로(5),충정로_008,충정로_005,대합실→승강장
2호선,충정로(5),충정로_005,충정로_009,대합실→승강장
2호선,충정로(5),충정로_009,충정로_005,대합실→승강장
2호선,충정로(5),충정로_010,충정로_003,출구→대합실
2호선,충정로(5),충정로_003,충정로_010,출구→대합실
2호선,충정로(5),충정로_011,충정로_002,출구→대합실
2호선,충정로(5),충정로_002,충정로_011,출구→대합실
2호선,충정로(5),충정로_012,충정로_001,출구→대합실
2호선,충정로(5),충정로_001,충정로_012,출구→대합실
2호선,충정로(5),충정로_002,충정로_004,환승통로
2호선,충정로(5),충정로_004,충정로_002,환승통로
2호선(성수지선),성수,성수-2_001,성수-2_002,대합실→승강장
2호선(성수지선),성수,성수-2_002,성수-2_001,대합실→승강장
2호선(성수지선),성수,성수-2_001,성수-2_003,대합실→승강장
2호선(성수지선),성수,성수-2_003,성수-2_001,대합실→승강장
2호선(성수지선),성수,성수-2_001,성수-2_004,대합실→승강장
2호선(성수지선),성수,성수-2_004,성수-2_001,대합실→승강장
2호선(성수지선),성수,성수-2_005,성수-2_001,출구→대합실
2호선(성수지선),성수,성수-2_001,성수-2_005,출구→대합실
2호선(성수지선),용답,용답_001,용답_002,대합실→승강장
2호선(성수지선),용답,용답_002,용답_001,대합실→승강장
2호선(성수지선),용답,용답_001,용답_003,대합실→승강장
2호선(성수지선),용답,용답_003,용답_001,대합실→승강장
2호선(성수지선),용답,용답_004,용답_001,출구→대합실
2호선(성수지선),용답,용답_001,용답_004,출구→대합실
2호선(성수지선),용답,용답_005,용답_001,출구→대합실
2호선(성수지선),용답,용답_001,용답_005,출구→대합실
2호선(성수지선),신답,신답_001,신답_002,대합실→승강장
2호선(성수지선),신답,신답_002,신답_001,대합실→승강장
2호선(성수지선),신답,신답_001,신답_003,대합실→승강장
2호선(성수지선),신답,신답_003,신답_001,대합실→승강장
2호선(성수지선),신답,신답_004,신답_001,출구→대합실
2호선(성수지선),신답,신답_001,신답_004,출구→대합실
2호선(성수지선),용두,용두_001,용두_002,대합실→승강장
2호선(성수지선),용두,용두_002,용두_001,대합실→승강장
2호선(성수지선),용두,용두_001,용두_003,대합실→승강장
2호선(성수지선),용두,용두_003,용두_001,대합실→승강장
2호선(성수지선),용두,용두_004,용두_001,출구→대합실
2호선(성수지선),용두,용두_001,용두_004,출구→대합실
2호선(성수지선),용두,용두_005,용두_001,출구→대합실
2호선(성수지선),용두,용두_001,용두_005,출구→대합실
2호선(성수지선),"신설동(1,우이신설)",신설동_001,신설동_004,대합실→승강장
2호선(성수지선),"신설동(1,우이신설)",신설동_004,신설동_001,대합실→승강장
2호선(성수지선),"신설동(1,우이신설)",신설동_002,신설동_004,대합실→승강장
2호선(성수지선),"신설동(1,우이신설)",신설동_004,신설동_002,대합실→승강장
2호선(성수지선),"신설동(1,우이신설)",신설동_003,신설동_005,대합실→승강장
2호선(성수지선),"신설동(1,우이신설)",신설동_005,신설동_003,대합실→승강장
2호선(성수지선),"신설동(1,우이신설)",신설동_003,신설동_006,대합실→승강장
2호선(성수지선),"신설동(1,우이신설)",신설동_006,신설동_003,대합실→승강장
2호선(성수지선),"신설동(1,우이신설)",신설동_007,신설동_003,출구→대합실
2호선(성수지선),"신설동(1,우이신설)",신설동_003,신설동_007,출구→대합실
2호선(성수지선),"신설동(1,우이신설)",신설동_008,신설동_003,출구→대합실
2호선(성수지선),"신설동(1,우이신설)",신설동_003,신설동_008,출구→대합실
2호선(성수지선),"신설동(1,우이신설)",신설동_009,신설동_001,출구→대합실
2호선(성수지선),"신설동(1,우이신설)",신설동_001,신설동_009,출구→대합실
2호선(성수지선),"신설동(1,우이신설)",신설동_003,신설동_001,환승통로
2호선(성수지선),"신설동(1,우이신설)",신설동_001,신설동_003,환승통로
2호선(신정지선),신도림(1),신도림2_001,신도림2_004,대합실→승강장
2호선(신정지선),신도림(1),신도림2_004,신도림2_001,대합실→승강장
2호선(신정지선),신도림(1),신도림2_001,신도림2_005,대합실→승강장
2호선(신정지선),신도림(1),신도림2_005,신도림2_001,대합실→승강장
2호선(신정지선),신도림(1),신도림2_001,신도림2_006,대합실→승강장
2호선(신정지선),신도림(1),신도림2_006,신도림2_001,대합실→승강장
2호선(신정지선),신도림(1),신도림2_002,신도림2_007,대합실→승강장
2호선(신정지선),신도림(1),신도림2_007,신도림2_002,대합실→승강장
2호선(신정지선),신도림(1),신도림2_002,신도림2_008,대합실→승강장
2호선(신정지선),신도림(1),신도림2_008,신도림2_002,대합실→승강장
2호선(신정지선),신도림(1),신도림2_003,신도림2_007,대합실→승강장
2호선(신정지선),신도림(1),신도림2_007,신도림2_003,대합실→승강장
2호선(신정지선),신도림(1),신도림2_003,신도림2_008,대합실→승강장
2호선(신정지선),신도림(1),신도림2_008,신도림2_003,대합실→승강장
2호선(신정지선),신도림(1),신도림2_009,신도림2_001,출구→대합실
2호선(신정지선),신도림(1),신도림2_001,신도림2_009,출구→대합실
2호선(신정지선),신도림(1),신도림2_010,신도림2_002,출구→대합실
2호선(신정지선),신도림(1),신도림2_002,신도림2_010,출구→대합실
2호선(신정지선),도림천,도림천_001,도림천_005,대합실→승강장
2호선(신정지선),도림천,도림천_005,도림천_001,대합실→승강장
2호선(신정지선),도림천,도림천_001,도림천_006,대합실→승강장
2호선(신정지선),도림천,도림천_006,도림천_001,대합실→승강장
2호선(신정지선),도림천,도림천_002,도림천_005,대합실→승강장
2호선(신정지선),도림천,도림천_005,도림천_002,대합실→승강장
2호선(신정지선),도림천,도림천_002,도림천_006,대합실→승강장
2호선(신정지선),도림천,도림천_006,도림천_002,대합실→승강장
2호선(신정지선),도림천,도림천_003,도림천_005,대합실→승강장
2호선(신정지선),도림천,도림천_005,도림천_003,대합실→승강장
2호선(신정지선),도림천,도림천_003,도림천_006,대합실→승강장
2호선(신정지선),도림천,도림천_006,도림천_003,대합실→승강장
2호선(신정지선),도림천,도림천_004,도림천_005,대합실→승강장
2호선(신정지선),도림천,도림천_005,도림천_004,대합실→승강장
2호선(신정지선),도림천,도림천_004,도림천_006,대합실→승강장
2호선(신정지선),도림천,도림천_006,도림천_004,대합실→승강장
2호선(신정지선),도림천,도림천_007,도림천_001,출구→대합실
2호선(신정지선),도림천,도림천_001,도림천_007,출구→대합실
2호선(신정지선),도림천,도림천_008,도림천_002,출구→대합실
2호선(신정지선),도림천,도림천_002,도림천_008,출구→대합실
2호선(신정지선),양천구청,양천구_001,양천구_002,대합실→승강장
2호선(신정지선),양천구청,양천구_002,양천구_001,대합실→승강장
2호선(신정지선),양천구청,양천구_001,양천구_003,대합실→승강장
2호선(신정지선),양천구청,양천구_003,양천구_001,대합실→승강장
2호선(신정지선),양천구청,양천구_004,양천구_001,출구→대합실
2호선(신정지선),양천구청,양천구_001,양천구_004,출구→대합실
2호선(신정지선),신정네거리,신정네_001,신정네_003,대합실→승강장
2호선(신정지선),신정네거리,신정네_003,신정네_001,대합실→승강장
2호선(신정지선),신정네거리,신정네_001,신정네_004,대합실→승강장
2호선(신정지선),신정네거리,신정네_004,신정네_001,대합실→승강장
2호선(신정지선),신정네거리,신정네_002,신정네_003,대합실→승강장
2호선(신정지선),신정네거리,신정네_003,신정네_002,대합실→승강장
2호선(신정지선),신정네거리,신정네_002,신정네_004,대합실→승강장
2호선(신정지선),신정네거리,신정네_004,신정네_002,대합실→승강장
2호선(신정지선),신정네거리,신정네_005,신정네_001,출구→대합실
2호선(신정지선),신정네거리,신정네_001,신정네_005,출구→대합실
2호선(신정지선),까치산(5),까치산_001,까치산_005,대합실→승강장
2호선(신정지선),까치산(5),까치산_005,까치산_001,대합실→승강장
2호선(신정지선),까치산(5),까치산_001,까치산_006,대합실→승강장
2호선(신정지선),까치산(5),까치산_006,까치산_001,대합실→승강장
2호선(신정지선),까치산(5),까치산_002,까치산_005,대합실→승강장
2호선(신정지선),까치산(5),까치산_005,까치산_002,대합실→승강장
2호선(신정지선),까치산(5),까치산_002,까치산_006,대합실→승강장
2호선(신정지선),까치산(5),까치산_006,까치산_002,대합실→승강장
2호선(신정지선),까치산(5),까치산_003,까치산_005,대합실→승강장
2호선(신정지선),까치산(5),까치산_005,까치산_003,대합실→승강장
2호선(신정지선),까치산(5),까치산_003,까치산_006,대합실→승강장
2호선(신정지선),까치산(5),까치산_006,까치산_003,대합실→승강장
2호선(신정지선),까치산(5),까치산_004,까치산_005,대합실→승강장
2호선(신정지선),까치산(5),까치산_005,까치산_004,대합실→승강장
2호선(신정지선),까치산(5),까치산_004,까치산_006,대합실→승강장
2호선(신정지선),까치산(5),까치산_006,까치산_004,대합실→승강장
2호선(신정지선),까치산(5),까치산_008,까치산_001,출구→대합실
2호선(신정지선),까치산(5),까치산_001,까치산_008,출구→대합실
2호선(신정지선),까치산(5),까치산_004,까치산_007,환승통로
2호선(신정지선),까치산(5),까치산_007,까치산_004,환승통로
